index,i_a,i_b,i_c,u_a,u_b,di_1,di_2
1,-12.04681396484375,-11.16943359375,22.88818359375,788.5807495117188,933.6860961914062,0,0
2,-21.23260498046875,2.62451171875,18.31817626953125,961.9796142578125,1109.712158203125,0,0
3,-22.3846435546875,6.34002685546875,15.90728759765625,1012.5037841796875,1105.3670654296875,0,0
4,-23.61297607421875,10.52093505859375,12.88604736328125,1052.5189208984375,1084.248046875,0,0
5,-23.0255126953125,14.404296875,8.48388671875,1076.8714599609375,1052.3167724609375,0,0
6,-21.84295654296875,16.67022705078125,4.93621826171875,1098.1927490234375,1016.747802734375,0,0
7,-20.32470703125,19.23370361328125,0.8087158203125,1113.3499755859375,972.5896606445312,0,0
8,-17.5628662109375,21.67510986328125,-4.2877197265625,1105.973388671875,916.912109375,0,0
9,-13.87786865234375,22.34649658203125,-8.65936279296875,1093.54443359375,863.8617553710938,0,0
10,-10.68878173828125,22.59063720703125,-12.054443359375,1075.456787109375,807.7799682617188,0,0
11,-6.73675537109375,22.49908447265625,-15.716552734375,1040.59521484375,747.55517578125,0,0
12,-1.922607421875,20.99609375,-19.04296875,996.2349853515625,692.9890747070312,0,0
13,2.1209716796875,18.56231689453125,-20.782470703125,949.146484375,640.8482055664062,0,0
14,5.706787109375,16.47186279296875,-22.34649658203125,894.3782958984375,590.1219482421875,0,0
15,10.04791259765625,13.3209228515625,-23.590087890625,834.052490234375,550.4099731445312,0,0
16,13.86260986328125,8.87298583984375,-22.918701171875,777.970703125,522.116455078125,0,0
17,16.4947509765625,5.01251220703125,-21.58355712890625,719.968994140625,498.57220458984375,0,0
18,19.4244384765625,0.8697509765625,-20.42388916015625,660.7546997070312,487.7600402832031,0,0
19,21.79718017578125,-3.8909912109375,-18.13507080078125,610.634765625,491.39776611328125,0,0
20,22.36175537109375,-7.9193115234375,-14.74761962890625,567.5881958007812,500.2900390625,0,0
21,22.62115478515625,-11.48223876953125,-11.627197265625,527.2698974609375,517.5692749023438,0,0
22,22.88818359375,-15.29693603515625,-8.026123046875,504.4330139160156,553.44140625,0,0
23,21.38519287109375,-18.28765869140625,-3.37982177734375,489.4778747558594,592.547119140625,0,0
24,18.63861083984375,-20.20263671875,1.2359619140625,482.40447998046875,639.8377075195312,0,0
25,16.59393310546875,-22.15576171875,5.33294677734375,487.4569091796875,696.3236694335938,0,0
26,13.3514404296875,-23.4832763671875,9.8419189453125,506.959228515625,755.23486328125,0,0
27,9.124755859375,-22.9034423828125,13.5040283203125,531.8170776367188,811.4176635742188,0,0
28,5.584716796875,-22.08709716796875,16.265869140625,564.6577758789062,870.227783203125,0,0
29,1.38092041015625,-21.05712890625,19.41680908203125,612.8577880859375,928.6336669921875,0,0
30,-3.47137451171875,-18.5394287109375,21.6522216796875,664.695556640625,978.2484130859375,0,0
31,-7.28607177734375,-15.3961181640625,22.430419921875,717.03857421875,1023.7200927734375,0,0
32,-10.8795166015625,-12.481689453125,23.10943603515625,775.7476196289062,1064.139404296875,0,0
33,-15.0909423828125,-8.30078125,22.98736572265625,833.4462280273438,1089.1993408203125,0,0
34,-18.157958984375,-3.4942626953125,21.240234375,886.5975952148438,1104.154541015625,0,0
35,-20.1416015625,0.48828125,19.3634033203125,941.3657836914062,1113.1478271484375,0,0
36,-22.3236083984375,4.5013427734375,17.5323486328125,993.910888671875,1109.0048828125,0,0
37,-23.46038818359375,9.0789794921875,14.15252685546875,1033.622802734375,1092.2308349609375,0,0
38,-22.7813720703125,12.59613037109375,9.98687744140625,1066.86767578125,1069.697021484375,0,0
39,-22.49908447265625,15.3656005859375,6.98089599609375,1092.2308349609375,1034.1280517578125,0,0
40,-21.78955078125,18.6004638671875,3.01361083984375,1105.3670654296875,990.4752197265625,0,0
41,-18.7530517578125,20.57647705078125,-2.166748046875,1109.10595703125,942.7804565429688,0,0
42,-15.41900634765625,21.514892578125,-6.47735595703125,1103.5482177734375,889.4269409179688,0,0
43,-12.603759765625,22.6898193359375,-10.3759765625,1085.258544921875,830.4147338867188,0,0
44,-8.36944580078125,22.74322509765625,-14.65606689453125,1055.1461181640625,774.3329467773438,0,0
45,-3.68499755859375,21.17156982421875,-17.608642578125,1018.465576171875,719.0595703125,0,0
46,-0.0457763671875,19.6533203125,-19.805908203125,972.7918090820312,662.876708984375,0,0
47,4.18853759765625,17.89093017578125,-22.2015380859375,917.0131225585938,610.3316040039062,0,0
48,8.81195068359375,14.3890380859375,-23.223876953125,861.1334228515625,569.2049560546875,0,0
49,12.09259033203125,10.6658935546875,-22.8118896484375,804.9505615234375,533.0296630859375,0,0
50,15.26641845703125,7.13348388671875,-22.430419921875,743.4121704101562,505.24139404296875,0,0
51,18.80645751953125,2.63214111328125,-21.29364013671875,685.713623046875,493.1156005859375,0,0
52,20.8282470703125,-2.0751953125,-18.74542236328125,634.8863525390625,490.5893859863281,0,0
53,21.85821533203125,-5.8135986328125,-16.2200927734375,584.4632568359375,492.0040588378906,0,0
54,23.1170654296875,-9.95635986328125,-13.46588134765625,542.2250366210938,509.08123779296875,0,0
55,22.9034423828125,-14.24407958984375,-8.96453857421875,514.8410034179688,536.9705810546875,0,0
56,21.3623046875,-17.17376708984375,-4.46319580078125,494.5302734375,571.7311401367188,0,0
57,20.20263671875,-19.63043212890625,-0.732421875,483.5160217285156,618.6175537109375,0,0
58,18.4173583984375,-22.25494384765625,3.73077392578125,487.15374755859375,673.8909912109375,0,0
59,14.9078369140625,-23.2696533203125,8.15582275390625,499.279541015625,727.648681640625,0,0
60,11.6424560546875,-23.33831787109375,11.444091796875,518.8829345703125,785.9534912109375,0,0
61,8.7432861328125,-23.6663818359375,14.51873779296875,551.62255859375,846.5824584960938,0,0
62,3.68499755859375,-22.13287353515625,18.01300048828125,591.2334594726562,903.7758178710938,0,0
63,-1.312255859375,-19.1650390625,20.11871337890625,638.220947265625,954.80517578125,0,0
64,-5.08880615234375,-16.79229736328125,21.49200439453125,693.191162109375,1006.8450317382812,0,0
65,-9.3994140625,-13.96942138671875,23.0255126953125,751.9002685546875,1048.07275390625,0,0
66,-13.55743408203125,-9.59014892578125,22.7203369140625,806.365234375,1076.66943359375,0,0
67,-16.30401611328125,-5.47027587890625,21.36993408203125,861.8407592773438,1100.6177978515625,0,0
68,-19.15740966796875,-1.6021728515625,20.36285400390625,920.2467041015625,1112.74365234375,0,0
69,-21.76666259765625,3.0364990234375,18.4783935546875,970.8718872070312,1109.6112060546875,0,0
70,-22.59063720703125,7.354736328125,15.0604248046875,1014.4236450195312,1100.9210205078125,0,0
71,-22.74322509765625,10.82611083984375,11.92474365234375,1055.6513671875,1083.237548828125,0,0
72,-22.92633056640625,14.5111083984375,8.36944580078125,1085.258544921875,1051.4073486328125,0,0
73,-21.61407470703125,17.89093017578125,3.47137451171875,1099.203125,1010.1796264648438,0,0
74,-19.35577392578125,19.8516845703125,-0.77056884765625,1107.792236328125,966.0215454101562,0,0
75,-17.50946044921875,21.70562744140625,-4.44793701171875,1106.78173828125,911.3544311523438,0,0
76,-14.617919921875,23.284912109375,-9.01031494140625,1091.62451171875,855.070556640625,0,0
77,-10.33782958984375,23.06365966796875,-13.03863525390625,1067.4739990234375,801.5149536132812,0,0
78,-7.11822509765625,22.552490234375,-15.61737060546875,1035.845947265625,743.0079956054688,0,0
79,-2.8839111328125,21.43096923828125,-18.707275390625,994.1129760742188,683.692626953125,0,0
80,2.410888671875,18.83697509765625,-21.3470458984375,941.1636962890625,633.6737670898438,0,0
81,6.52313232421875,15.472412109375,-22.2625732421875,888.8206787109375,588.1009521484375,0,0
82,9.9945068359375,12.59613037109375,-22.857666015625,829.404296875,545.054443359375,0,0
83,13.97705078125,8.9263916015625,-23.0560302734375,768.47216796875,516.1546020507812,0,0
84,17.2882080078125,4.11224365234375,-21.5606689453125,713.5018920898438,500.2900390625,0,0
85,19.34051513671875,0.06103515625,-19.53125,657.6221923828125,487.9621276855469,0,0
86,21.50726318359375,-3.94439697265625,-17.73834228515625,602.85400390625,488.6694641113281,0,0
87,23.07891845703125,-8.55255126953125,-14.7247314453125,561.5252685546875,503.119384765625,0,0
88,22.68218994140625,-12.29095458984375,-10.52093505859375,527.876220703125,523.2279663085938,0,0
89,21.93450927734375,-15.3961181640625,-6.683349609375,498.6732482910156,552.7340698242188,0,0
90,21.209716796875,-18.7835693359375,-2.5177001953125,486.5474548339844,598.306884765625,0,0
91,19.03533935546875,-21.23260498046875,2.29644775390625,487.7600402832031,650.44775390625,0,0
92,16.1285400390625,-22.3236083984375,6.23321533203125,490.8925476074219,701.2750244140625,0,0
93,13.58795166015625,-23.53668212890625,9.74273681640625,508.07073974609375,761.4998168945312,0,0
94,10.4217529296875,-24.1241455078125,13.49639892578125,538.6883544921875,821.0172729492188,0,0
95,5.37109375,-22.25494384765625,16.70074462890625,570.61962890625,876.89697265625,0,0
96,0.885009765625,-20.16448974609375,19.04296875,614.7777099609375,932.7766723632812,0,0
97,-3.28826904296875,-18.4478759765625,21.46148681640625,670.9605712890625,986.9385375976562,0,0
98,-7.95745849609375,-15.22064208984375,22.9034423828125,725.9308471679688,1028.065185546875,0,0
99,-11.58905029296875,-11.41357421875,22.65167236328125,780.4968872070312,1064.139404296875,0,0
100,-14.85443115234375,-7.7667236328125,22.2320556640625,838.70068359375,1094.1507568359375,0,0
101,-18.51654052734375,-3.35693359375,21.3470458984375,896.2982177734375,1108.095458984375,0,0
102,-20.9197998046875,1.373291015625,19.09637451171875,946.216064453125,1110.1163330078125,0,0
103,-21.90399169921875,5.157470703125,16.4642333984375,996.2349853515625,1108.196533203125,0,0
104,-23.223876953125,9.0789794921875,13.885498046875,1041.8077392578125,1093.74658203125,0,0
105,-23.4832763671875,13.31329345703125,9.9334716796875,1071.718017578125,1065.14990234375,0,0
106,-21.9879150390625,16.4031982421875,5.30242919921875,1093.0391845703125,1031.3997802734375,0,0
107,-20.538330078125,18.8140869140625,1.56402587890625,1108.6007080078125,988.4542846679688,0,0
108,-18.94378662109375,21.44622802734375,-2.66265869140625,1107.792236328125,933.9892578125,0,0
109,-15.64788818359375,22.80426025390625,-7.4005126953125,1096.9801025390625,880.6357421875,0,0
110,-12.14599609375,22.94921875,-10.9100341796875,1080.2060546875,826.574951171875,0,0
111,-9.28497314453125,23.32305908203125,-13.97705078125,1051.6094970703125,767.0574951171875,0,0
112,-4.3792724609375,22.10235595703125,-17.7001953125,1012.806884765625,708.3484497070312,0,0
113,0.732421875,19.37103271484375,-20.1416015625,965.6173706054688,658.228515625,0,0
114,4.45556640625,17.02117919921875,-21.50726318359375,913.7796020507812,606.9970092773438,0,0
115,8.50677490234375,14.47296142578125,-23.01788330078125,853.2516479492188,561.22216796875,0,0
116,12.65716552734375,10.284423828125,-23.07891845703125,795.4520263671875,530.2003173828125,0,0
117,15.6097412109375,5.97381591796875,-21.6827392578125,739.6734008789062,506.15081787109375,0,0
118,18.2037353515625,2.26593017578125,-20.5841064453125,679.8528442382812,489.57891845703125,0,0
119,20.95794677734375,-2.23541259765625,-18.94378662109375,625.0846557617188,488.7705383300781,0,0
120,22.216796875,-6.79779052734375,-15.67840576171875,581.8359985351562,497.359619140625,0,0
121,22.30072021484375,-10.406494140625,-12.3138427734375,540.2041015625,511.00115966796875,0,0
122,22.60589599609375,-14.16778564453125,-8.8348388671875,507.4644470214844,538.4862670898438,0,0
123,21.59881591796875,-17.88330078125,-4.058837890625,492.91351318359375,579.0066528320312,0,0
124,19.4091796875,-20.1568603515625,0.48065185546875,486.8506164550781,625.2867431640625,0,0
125,17.52471923828125,-21.8658447265625,4.08935546875,485.1327819824219,677.12451171875,0,0
126,15.0604248046875,-23.6968994140625,8.29315185546875,501.3005065917969,737.147216796875,0,0
127,11.65008544921875,-24.00970458984375,12.1002197265625,526.1583862304688,794.037353515625,0,0
128,7.3394775390625,-22.62115478515625,15.03753662109375,550.713134765625,851.3317260742188,0,0
129,3.01361083984375,-21.3623046875,18.12744140625,594.8712158203125,910.3439331054688,0,0
130,-1.8157958984375,-19.40155029296875,20.95794677734375,648.62890625,963.5963745117188,0,0
131,-6.1187744140625,-16.1895751953125,22.2015380859375,699.4561767578125,1008.7649536132812,0,0
132,-9.5672607421875,-13.22174072265625,22.705078125,755.8411254882812,1051.4073486328125,0,0
133,-13.5955810546875,-9.68170166015625,23.0255126953125,815.156494140625,1083.7427978515625,0,0
134,-17.3492431640625,-4.8828125,21.90399169921875,869.9246215820312,1100.415771484375,0,0
135,-19.5465087890625,-0.58746337890625,19.84405517578125,923.379150390625,1111.1268310546875,0,0
136,-21.52252197265625,3.082275390625,18.157958984375,977.5410766601562,1112.54150390625,0,0
137,-23.3306884765625,7.5836181640625,15.48004150390625,1022.9117431640625,1099.607421875,0,0
138,-23.25439453125,11.688232421875,11.28387451171875,1056.3587646484375,1077.7808837890625,0,0
139,-22.36175537109375,14.65606689453125,7.476806640625,1086.875244140625,1048.881103515625,0,0
140,-21.6522216796875,17.822265625,3.570556640625,1104.7608642578125,1007.249267578125,0,0
141,-19.78302001953125,20.6146240234375,-1.2664794921875,1106.276611328125,957.3314208984375,0,0
142,-16.74652099609375,21.82769775390625,-5.54656982421875,1103.04296875,906.0999145507812,0,0
143,-14.129638671875,22.80426025390625,-9.0179443359375,1090.2098388671875,849.6139526367188,0,0
144,-11.16180419921875,23.6358642578125,-12.84027099609375,1063.12890625,791.4100952148438,0,0
145,-5.9814453125,22.16339111328125,-16.4794921875,1031.702880859375,735.5303955078125,0,0
146,-1.3885498046875,19.98138427734375,-18.89801025390625,989.5657958984375,681.1664428710938,0,0
147,2.54058837890625,18.4478759765625,-21.209716796875,935.9091796875,626.701416015625,0,0
148,7.1563720703125,15.655517578125,-22.97210693359375,878.4126586914062,581.4318237304688,0,0
149,11.00921630859375,11.7034912109375,-22.8424072265625,823.4424438476562,544.953369140625,0,0
150,14.0228271484375,8.30078125,-22.3388671875,764.1270751953125,513.62841796875,0,0
151,17.51708984375,4.12750244140625,-21.61407470703125,703.5991821289062,494.83343505859375,0,0
152,20.30181884765625,-0.67901611328125,-19.53887939453125,650.548828125,490.3872985839844,0,0
153,21.33941650390625,-4.6844482421875,-16.8609619140625,600.9341430664062,490.6904296875,0,0
154,22.4761962890625,-8.39996337890625,-14.36614990234375,554.552978515625,502.2099609375,0,0
155,23.101806640625,-12.84027099609375,-10.59722900390625,521.5101928710938,527.1688842773438,0,0
156,21.8658447265625,-16.4337158203125,-5.6915283203125,500.2900390625,559.5043334960938,0,0
157,20.34759521484375,-18.85223388671875,-1.73187255859375,486.042236328125,601.944580078125,0,0
158,19.0277099609375,-21.43096923828125,2.2430419921875,483.81915283203125,655.9043579101562,0,0
159,16.0675048828125,-23.162841796875,6.93511962890625,494.83343505859375,711.3798828125,0,0
160,12.8021240234375,-23.37646484375,10.345458984375,513.8305053710938,767.2595825195312,0,0
161,9.89532470703125,-23.58245849609375,13.23699951171875,537.0715942382812,827.5853881835938,0,0
162,4.90570068359375,-22.34649658203125,17.08221435546875,576.4804077148438,886.4965209960938,0,0
163,-0.23651123046875,-19.9737548828125,19.8822021484375,624.0741577148438,938.0311889648438,0,0
164,-4.06646728515625,-17.5018310546875,21.1944580078125,674.8004150390625,989.5657958984375,0,0
165,-8.00323486328125,-15.167236328125,22.735595703125,732.8021240234375,1036.1490478515625,0,0
166,-12.44354248046875,-11.3067626953125,23.20098876953125,789.6923217773438,1068.080322265625,0,0
167,-15.73944091796875,-6.76727294921875,21.99554443359375,843.8541870117188,1093.1402587890625,0,0
168,-18.25714111328125,-2.8839111328125,20.79010009765625,900.744384765625,1110.1163330078125,0,0
169,-21.11053466796875,1.373291015625,19.4549560546875,956.0177612304688,1112.3394775390625,0,0
170,-22.66693115234375,6.01959228515625,16.48712158203125,1001.388427734375,1104.053466796875,0,0
171,-22.74322509765625,9.7503662109375,12.969970703125,1042.8182373046875,1090.5130615234375,0,0
172,-23.01025390625,13.1988525390625,9.735107421875,1078.1851806640625,1063.6341552734375,0,0
173,-22.3236083984375,16.85333251953125,5.30242919921875,1096.2728271484375,1023.9221801757812,0,0
174,-20.1263427734375,19.41680908203125,0.51116943359375,1105.5692138671875,980.3704223632812,0,0
175,-18.0511474609375,21.01898193359375,-3.27301025390625,1108.2974853515625,930.3515014648438,0,0
176,-15.8538818359375,22.88818359375,-7.293701171875,1096.1717529296875,872.6529541015625,0,0
177,-12.51983642578125,23.58245849609375,-11.28387451171875,1073.840087890625,817.98583984375,0,0
178,-7.86590576171875,22.33123779296875,-14.678955078125,1050.4979248046875,761.3988037109375,0,0
179,-3.5552978515625,21.06475830078125,-17.7001953125,1009.9775390625,702.9928588867188,0,0
180,0.98419189453125,19.52362060546875,-20.660400390625,957.2303466796875,648.9320678710938,0,0
181,5.3863525390625,16.510009765625,-22.22442626953125,905.29150390625,603.4603271484375,0,0
182,8.93402099609375,13.36669921875,-22.60589599609375,849.209716796875,558.7969970703125,0,0
183,12.6190185546875,10.19287109375,-23.01788330078125,787.5703125,523.8342895507812,0,0
184,16.3421630859375,5.72967529296875,-22.30072021484375,729.9727783203125,504.4330139160156,0,0
185,18.7835693359375,1.190185546875,-20.1568603515625,676.3161010742188,492.3072204589844,0,0
186,20.538330078125,-2.54058837890625,-18.30291748046875,620.3353881835938,487.0527038574219,0,0
187,22.57537841796875,-6.87408447265625,-15.960693359375,573.0447998046875,497.0564880371094,0,0
188,22.9339599609375,-11.3372802734375,-11.89422607421875,538.0820922851562,516.5587768554688,0,0
189,22.0184326171875,-14.6026611328125,-7.78961181640625,507.7676086425781,541.9219360351562,0,0
190,21.46148681640625,-17.82989501953125,-3.9215087890625,488.2652893066406,582.2401733398438,0,0
191,19.95086669921875,-20.80535888671875,0.69427490234375,486.3453674316406,633.2695922851562,0,0
192,17.00592041015625,-22.20916748046875,5.13458251953125,489.8820495605469,685.0062866210938,0,0
193,14.678955078125,-23.24676513671875,8.270263671875,502.3110046386719,741.3912353515625,0,0
194,11.87896728515625,-24.13177490234375,11.86370849609375,524.94580078125,803.1317138671875,0,0
195,6.46209716796875,-22.735595703125,15.93017578125,559.201171875,859.3145751953125,0,0
196,1.861572265625,-20.59173583984375,18.37921142578125,600.4288940429688,913.880615234375,0,0
197,-1.89971923828125,-19.0277099609375,20.62225341796875,652.46875,969.6593017578125,0,0
198,-6.47735595703125,-16.48712158203125,22.68218994140625,708.9547119140625,1016.545654296875,0,0
199,-10.650634765625,-12.59613037109375,22.95684814453125,762.4092407226562,1052.2156982421875,0,0
200,-13.8397216796875,-8.941650390625,22.3541259765625,819.2994384765625,1085.157470703125,0,0
201,-17.28057861328125,-5.04302978515625,21.820068359375,878.2105712890625,1105.1650390625,0,0
202,-20.42388916015625,-0.19073486328125,20.14923095703125,931.2609252929688,1110.4195556640625,0,0
203,-21.73614501953125,4.03594970703125,17.3797607421875,979.7640991210938,1109.2069091796875,0,0
204,-22.7508544921875,7.66754150390625,14.80865478515625,1028.065185546875,1100.314697265625,0,0
205,-23.59771728515625,11.86370849609375,11.566162109375,1064.038330078125,1075.760009765625,0,0
206,-22.57537841796875,15.533447265625,6.7901611328125,1086.6732177734375,1041.8077392578125,0,0
207,-20.83587646484375,17.9290771484375,2.66265869140625,1104.356689453125,1003.8135986328125,0,0
208,-19.47784423828125,20.477294921875,-1.15966796875,1110.015380859375,952.2789916992188,0,0
209,-16.99066162109375,22.56011962890625,-5.76019287109375,1099.0010986328125,897.0055541992188,0,0
210,-13.84735107421875,23.04840087890625,-9.3536376953125,1084.5511474609375,843.8541870117188,0,0
211,-10.01739501953125,22.6898193359375,-12.71820068359375,1067.06982421875,786.458740234375,0,0
212,-5.33294677734375,21.96502685546875,-16.66259765625,1026.7515869140625,727.446533203125,0,0
213,-0.48065185546875,20.07293701171875,-19.744873046875,979.3599243164062,673.9920043945312,0,0
214,3.45611572265625,17.578125,-21.17156982421875,931.2609252929688,624.0741577148438,0,0
215,7.16400146484375,15.3656005859375,-22.52960205078125,873.2592163085938,574.8636474609375,0,0
216,11.39068603515625,11.8255615234375,-23.345947265625,813.8428344726562,538.7894287109375,0,0
217,14.93072509765625,7.24029541015625,-22.22442626953125,758.1652221679688,513.7294311523438,0,0
218,17.4560546875,3.39508056640625,-20.82061767578125,699.7593383789062,493.620849609375,0,0
219,20.25604248046875,-0.72479248046875,-19.5770263671875,641.4544677734375,486.74957275390625,0,0
220,22.16339111328125,-5.37872314453125,-16.937255859375,595.37646484375,493.82293701171875,0,0
221,22.39227294921875,-9.4146728515625,-13.336181640625,554.1487426757812,505.8476867675781,0,0
222,22.5830078125,-12.91656494140625,-10.01739501953125,516.8619384765625,526.966796875,0,0
223,22.30072021484375,-16.74652099609375,-5.74493408203125,496.14703369140625,564.85986328125,0,0
224,20.33233642578125,-19.6380615234375,-0.90789794921875,489.2757568359375,610.2305297851562,0,0
225,18.10455322265625,-21.240234375,2.99072265625,484.5264892578125,659.137939453125,0,0
226,16.47186279296875,-23.1170654296875,6.4239501953125,495.9449462890625,718.150146484375,0,0
227,13.214111328125,-23.96392822265625,10.59722900390625,515.34619140625,776.8591918945312,0,0
228,8.12530517578125,-22.6287841796875,14.39666748046875,540.5072631835938,831.5263061523438,0,0
229,4.15802001953125,-21.4996337890625,17.1661376953125,579.208740234375,891.043701171875,0,0
230,-0.18310546875,-20.2484130859375,20.21026611328125,630.8444213867188,946.9234008789062,0,0
231,-4.7607421875,-17.4407958984375,22.16339111328125,683.4905395507812,994.2139892578125,0,0
232,-8.53729248046875,-14.22119140625,22.5982666015625,736.5408935546875,1037.361572265625,0,0
233,-12.237548828125,-11.1083984375,22.9949951171875,795.4520263671875,1074.1431884765625,0,0
234,-16.19720458984375,-6.6375732421875,22.552490234375,853.150634765625,1095.8685302734375,0,0
235,-18.9666748046875,-1.94549560546875,20.62225341796875,905.29150390625,1106.6807861328125,0,0
236,-20.751953125,1.86920166015625,18.63861083984375,959.554443359375,1113.450927734375,0,0
237,-22.75848388671875,5.94329833984375,16.60919189453125,1009.8765258789062,1105.7713623046875,0,0
238,-23.406982421875,10.31494140625,12.87841796875,1046.25390625,1084.8543701171875,0,0
239,-22.552490234375,13.671875,8.67462158203125,1077.1746826171875,1059.2890625,0,0
240,-21.8963623046875,16.65496826171875,5.0506591796875,1100.7188720703125,1022.9117431640625,0,0
241,-20.6756591796875,19.81353759765625,0.51116943359375,1107.6912841796875,973.7012329101562,0,0
242,-17.92144775390625,21.55303955078125,-4.05120849609375,1101.9315185546875,922.2676391601562,0,0
243,-15.56396484375,22.49908447265625,-7.2174072265625,1094.9591064453125,868.408935546875,0,0
244,-12.21466064453125,23.13995361328125,-11.23046875,1078.2861328125,810.8114013671875,0,0
245,-6.9427490234375,22.2930908203125,-15.6097412109375,1042.8182373046875,753.5170288085938,0,0
246,-2.38800048828125,20.477294921875,-18.39447021484375,1002.8031005859375,700.1635131835938,0,0
247,1.2359619140625,19.06585693359375,-20.50018310546875,954.80517578125,644.4859008789062,0,0
248,5.62286376953125,16.876220703125,-22.56011962890625,897.0055541992188,593.5576171875,0,0
249,10.00213623046875,13.1072998046875,-23.0865478515625,841.0248413085938,556.0686645507812,0,0
250,13.18359375,9.307861328125,-22.4456787109375,784.538818359375,523.5311279296875,0,0
251,16.326904296875,5.72967529296875,-21.90399169921875,723.1015014648438,499.1784973144531,0,0
252,19.622802734375,1.0223388671875,-20.4925537109375,666.716552734375,490.99359130859375,0,0
253,21.1639404296875,-3.41796875,-17.822265625,617.9102172851562,490.8925476074219,0,0
254,22.16339111328125,-7.11822509765625,-15.17486572265625,569.8112182617188,497.0564880371094,0,0
255,23.1781005859375,-11.34490966796875,-12.0697021484375,530.6044921875,517.26611328125,0,0
256,22.49908447265625,-15.46478271484375,-7.354736328125,507.2623596191406,549.2984619140625,0,0
257,20.80535888671875,-18.13507080078125,-2.9296875,490.8925476074219,587.3936157226562,0,0
258,19.47784423828125,-20.48492431640625,0.7476806640625,482.202392578125,636.0989379882812,0,0
259,17.78411865234375,-22.94158935546875,4.8675537109375,493.2166442871094,694.20166015625,0,0
260,14.3280029296875,-23.4375,8.84246826171875,504.9382629394531,748.565673828125,0,0
261,10.101318359375,-22.9644775390625,12.38250732421875,524.3395385742188,806.46630859375,0,0
262,6.1187744140625,-22.613525390625,16.05224609375,562.030517578125,866.1858520507812,0,0
263,1.28936767578125,-20.93505859375,19.32525634765625,609.0180053710938,921.459228515625,0,0
264,-2.9144287109375,-18.4326171875,20.9808349609375,657.6221923828125,971.6802368164062,0,0
265,-6.53076171875,-16.04461669921875,22.2930908203125,712.5924682617188,1021.6991577148438,0,0
266,-10.894775390625,-12.91656494140625,23.3917236328125,771.5036010742188,1059.4912109375,0,0
267,-14.862060546875,-8.209228515625,22.63641357421875,825.564453125,1084.7532958984375,0,0
268,-17.4560546875,-4.09698486328125,21.1944580078125,881.2420654296875,1104.962890625,0,0
269,-20.11871337890625,-0.1983642578125,20.0347900390625,938.5364379882812,1113.450927734375,0,0
270,-22.430419921875,4.50897216796875,17.72308349609375,988.252197265625,1107.6912841796875,0,0
271,-22.88818359375,8.75091552734375,14.16778564453125,1029.2777099609375,1095.2623291015625,0,0
272,-22.89581298828125,11.98577880859375,10.91766357421875,1067.06982421875,1074.0421142578125,0,0
273,-22.796630859375,15.6402587890625,6.99615478515625,1092.4329833984375,1039.1805419921875,0,0
274,-21.14105224609375,18.8446044921875,2.044677734375,1102.5377197265625,995.9318237304688,0,0
275,-18.8446044921875,20.48492431640625,-1.99127197265625,1104.255615234375,947.6307373046875,0,0
276,-17.3492431640625,22.27783203125,-5.19561767578125,1100.0115966796875,891.5489501953125,0,0
277,-13.61083984375,23.223876953125,-9.8419189453125,1086.4710693359375,835.6692504882812,0,0
278,-8.4381103515625,22.36175537109375,-14.03045654296875,1057.8743896484375,780.3958740234375,0,0
279,-4.50897216796875,21.240234375,-16.78466796875,1023.5180053710938,723.1015014648438,0,0
280,-0.57220458984375,20.13397216796875,-19.70672607421875,974.6106567382812,666.2113037109375,0,0
281,4.0435791015625,17.76123046875,-22.003173828125,921.661376953125,617.7081298828125,0,0
282,7.92694091796875,14.4195556640625,-22.57537841796875,868.7120361328125,573.1458129882812,0,0
283,11.3525390625,11.40594482421875,-22.9034423828125,808.7904052734375,533.534912109375,0,0
284,15.19012451171875,7.42340087890625,-22.7508544921875,748.7677612304688,508.8791198730469,0,0
285,18.2037353515625,2.5787353515625,-20.9503173828125,693.9995727539062,496.0459899902344,0,0
286,19.96612548828125,-1.33514404296875,-18.94378662109375,639.5345458984375,488.16424560546875,0,0
287,21.96502685546875,-5.27191162109375,-16.97540283203125,588.2020263671875,492.7113952636719,0,0
288,23.1170654296875,-9.8419189453125,-13.48876953125,548.692138671875,509.5864562988281,0,0
289,22.4609375,-13.5040283203125,-9.0789794921875,517.5692749023438,532.62548828125,0,0
290,21.66748046875,-16.51763916015625,-5.2642822265625,493.0145568847656,566.77978515625,0,0
291,20.7672119140625,-19.805908203125,-1.01470947265625,485.03173828125,615.4850463867188,0,0
292,18.6309814453125,-21.942138671875,3.36456298828125,491.49884033203125,669.3438110351562,0,0
293,15.7623291015625,-22.735595703125,6.75201416015625,494.1260986328125,721.5857543945312,0,0
294,12.15362548828125,-23.223876953125,10.80322265625,512.516845703125,782.0126342773438,0,0
295,7.659912109375,-23.00262451171875,15.05279541015625,547.681640625,841.1258544921875,0,0
296,2.99835205078125,-21.24786376953125,18.00537109375,586.787353515625,895.0856323242188,0,0
297,-0.67901611328125,-19.47784423828125,19.95849609375,633.5726928710938,951.06640625,0,0
298,-4.791259765625,-17.608642578125,22.22442626953125,689.9576416015625,1002.0957641601562,0,0
299,-9.3994140625,-14.0228271484375,23.162841796875,745.0289306640625,1040.59521484375,0,0
300,-12.9241943359375,-10.04791259765625,22.57537841796875,799.2918701171875,1074.4462890625,0,0
301,-16.11328125,-6.3629150390625,21.9573974609375,858.6072387695312,1100.6177978515625,0,0
302,-19.5465087890625,-1.800537109375,20.94268798828125,914.6890258789062,1109.3079833984375,0,0
303,-21.50726318359375,2.86102294921875,18.40972900390625,963.5963745117188,1109.2069091796875,0,0
304,-22.37701416015625,6.52313232421875,15.594482421875,1012.806884765625,1104.7608642578125,0,0
305,-23.41461181640625,10.38360595703125,12.87841796875,1054.0345458984375,1085.6627197265625,0,0
306,-23.162841796875,14.44244384765625,8.514404296875,1080.0040283203125,1053.1251220703125,0,0
307,-21.44622802734375,17.303466796875,3.91387939453125,1098.596923828125,1017.4551391601562,0,0
308,-20.0653076171875,19.6075439453125,0.23651123046875,1108.095458984375,969.6593017578125,0,0
309,-18.71490478515625,21.9879150390625,-3.47900390625,1102.9420166015625,914.2848510742188,0,0
310,-14.6942138671875,22.77374267578125,-8.20159912109375,1094.3529052734375,862.8512573242188,0,0
311,-10.31494140625,22.31597900390625,-12.00103759765625,1075.1536865234375,806.6683959960938,0,0
312,-6.622314453125,22.22442626953125,-15.5487060546875,1040.2919921875,746.9488525390625,0,0
313,-2.06756591796875,20.9808349609375,-19.0582275390625,995.1234741210938,690.6649780273438,0,0
314,2.32696533203125,18.5089111328125,-21.0113525390625,947.32763671875,640.4439697265625,0,0
315,5.889892578125,16.11328125,-22.125244140625,893.4688720703125,589.8187866210938,0,0
316,9.9639892578125,13.1988525390625,-23.3306884765625,833.14306640625,548.692138671875,0,0
317,14.01519775390625,8.8653564453125,-22.979736328125,776.3539428710938,521.6112060546875,0,0
318,16.71600341796875,4.608154296875,-21.331787109375,719.3626708984375,498.9764099121094,0,0
319,19.2413330078125,0.87738037109375,-20.1873779296875,660.6536254882812,487.5579528808594,0,0
320,21.73614501953125,-3.72314453125,-18.157958984375,609.2200927734375,490.79150390625,0,0
321,22.49908447265625,-8.1787109375,-14.6484375,567.891357421875,501.5025939941406,0,0
322,22.4456787109375,-11.71875,-11.1236572265625,528.0783081054688,518.6807861328125,0,0
323,22.52197265625,-15.4876708984375,-7.37762451171875,500.7952575683594,551.0162353515625,0,0
324,21.1944580078125,-18.9361572265625,-2.55584716796875,490.99359130859375,595.4774780273438,0,0
325,18.9208984375,-20.89691162109375,1.70135498046875,487.3558349609375,643.3743896484375,0,0
326,17.4560546875,-22.48382568359375,4.69970703125,490.3872985839844,698.3446655273438,0,0
327,14.16015625,-23.62823486328125,9.1705322265625,504.4330139160156,756.8516235351562,0,0
328,9.2315673828125,-23.0560302734375,13.60321044921875,531.8170776367188,813.034423828125,0,0
329,5.14984130859375,-21.759033203125,16.34979248046875,565.6682739257812,870.4298706054688,0,0
330,1.3580322265625,-20.80535888671875,19.195556640625,612.8577880859375,929.4420776367188,0,0
331,-3.2501220703125,-18.59283447265625,21.728515625,667.2218017578125,980.3704223632812,0,0
332,-7.415771484375,-15.20538330078125,22.54486083984375,718.2511596679688,1022.9117431640625,0,0
333,-10.94818115234375,-12.1307373046875,22.81951904296875,775.5455322265625,1063.3310546875,0,0
334,-14.95361328125,-8.331298828125,22.88055419921875,835.06298828125,1090.917236328125,0,0
335,-18.37921142578125,-3.4637451171875,21.4691162109375,888.5175170898438,1103.6492919921875,0,0
336,-20.24078369140625,0.67138671875,19.3328857421875,941.1636962890625,1111.733154296875,0,0
337,-22.08709716796875,4.5013427734375,17.4102783203125,994.8203125,1110.3184814453125,0,0
338,-23.4832763671875,8.9569091796875,14.3890380859375,1035.9468994140625,1092.4329833984375,0,0
339,-23.03314208984375,12.80975341796875,10.009765625,1066.86767578125,1067.878173828125,0,0
340,-22.0489501953125,15.66314697265625,6.21795654296875,1094.2518310546875,1037.0584716796875,0,0
341,-21.3775634765625,18.73779296875,2.28118896484375,1105.6702880859375,990.2731323242188,0,0
342,-19.6075439453125,21.17156982421875,-1.94549560546875,1103.14404296875,938.2332763671875,0,0
343,-15.9454345703125,21.85821533203125,-6.11114501953125,1102.133544921875,887.7091064453125,0,0
344,-12.59613037109375,22.5067138671875,-10.19287109375,1086.5721435546875,831.9304809570312,0,0
345,-8.49151611328125,22.74322509765625,-14.4805908203125,1053.83251953125,772.2109375,0,0
346,-3.74603271484375,21.32415771484375,-17.8070068359375,1015.2320556640625,717.4427490234375,0,0
347,0.11444091796875,19.49310302734375,-19.82879638671875,971.7813110351562,663.0787963867188,0,0
348,4.05120849609375,17.72308349609375,-21.85821533203125,915.901611328125,608.4116821289062,0,0
349,8.697509765625,14.5263671875,-23.2086181640625,858.809326171875,567.3861083984375,0,0
350,12.35198974609375,10.52093505859375,-22.74322509765625,803.8390502929688,533.8380737304688,0,0
351,15.26641845703125,7.0648193359375,-22.0489501953125,743.4121704101562,505.74664306640625,0,0
352,18.61572265625,2.78472900390625,-21.1639404296875,683.894775390625,491.39776611328125,0,0
353,20.8892822265625,-2.03704833984375,-18.9056396484375,633.4716796875,490.5893859863281,0,0
354,21.82769775390625,-5.889892578125,-15.96832275390625,586.0800170898438,494.2271423339844,0,0
355,22.83477783203125,-9.765625,-13.23699951171875,541.5177001953125,508.778076171875,0,0
356,23.03314208984375,-14.1448974609375,-9.124755859375,513.0220947265625,537.6779174804688,0,0
357,21.453857421875,-17.37213134765625,-4.26483154296875,495.9449462890625,574.3583984375,0,0
358,19.989013671875,-19.59991455078125,-0.5340576171875,485.5369873046875,619.8301391601562,0,0
359,18.98193359375,-22.05657958984375,2.9144287109375,488.2652893066406,676.3161010742188,0,0
360,15.25115966796875,-23.20098876953125,7.720947265625,497.359619140625,730.6801147460938,0,0
361,10.7879638671875,-22.7813720703125,11.65771484375,517.46826171875,786.3577270507812,0,0
362,7.37762451171875,-22.5982666015625,14.8468017578125,548.5911254882812,847.1887817382812,0,0
363,2.96783447265625,-21.6827392578125,18.3868408203125,593.35546875,904.6852416992188,0,0
364,-1.7242431640625,-19.3939208984375,20.7061767578125,641.7576293945312,955.714599609375,0,0
365,-5.37872314453125,-16.83807373046875,21.8658447265625,693.292236328125,1005.5314331054688,0,0
366,-9.39178466796875,-14.22119140625,23.10943603515625,752.4054565429688,1048.6790771484375,0,0
367,-13.671875,-9.918212890625,23.1781005859375,808.7904052734375,1077.9830322265625,0,0
368,-16.7236328125,-5.2337646484375,21.6217041015625,862.548095703125,1098.596923828125,0,0
369,-19.134521484375,-1.4801025390625,20.416259765625,920.0445556640625,1112.74365234375,0,0
370,-21.7437744140625,2.86865234375,18.798828125,973.3980712890625,1111.1268310546875,0,0
371,-22.83477783203125,7.51495361328125,15.44189453125,1015.7373046875,1099.9105224609375,0,0
372,-22.72796630859375,10.9710693359375,11.87896728515625,1054.741943359375,1082.5301513671875,0,0
373,-22.8729248046875,14.36614990234375,8.52203369140625,1086.5721435546875,1052.2156982421875,0,0
374,-21.94976806640625,17.913818359375,3.936767578125,1099.4052734375,1009.5733642578125,0,0
375,-20.04241943359375,19.9737548828125,-0.0457763671875,1104.5587158203125,963.1921997070312,0,0
376,-17.46368408203125,21.3623046875,-3.96728515625,1109.2069091796875,912.4659423828125,0,0
377,-14.19830322265625,22.705078125,-8.64410400390625,1093.84765625,854.5653076171875,0,0
378,-9.8114013671875,22.92633056640625,-13.153076171875,1066.96875,798.8876953125,0,0
379,-5.615234375,21.66748046875,-16.1285400390625,1035.542724609375,742.0985717773438,0,0
380,-1.86920166015625,20.72906494140625,-18.8140869140625,992.3951416015625,684.3999633789062,0,0
381,2.5634765625,18.94378662109375,-21.5911865234375,938.3342895507812,632.461181640625,0,0
382,7.0037841796875,15.58685302734375,-22.72796630859375,885.5870971679688,587.4946899414062,0,0
383,10.3912353515625,12.451171875,-22.8271484375,828.8990478515625,545.7617797851562,0,0
384,13.93890380859375,8.941650390625,-22.9949951171875,768.0679931640625,515.34619140625,0,0
385,17.5018310546875,4.17327880859375,-21.79718017578125,710.470458984375,498.9764099121094,0,0
386,19.59228515625,-0.274658203125,-19.56939697265625,657.7232666015625,490.6904296875,0,0
387,21.2860107421875,-3.94439697265625,-17.608642578125,603.6624145507812,489.57891845703125,0,0
388,22.9644775390625,-8.3160400390625,-14.93072509765625,559.30224609375,502.81622314453125,0,0
389,22.88818359375,-12.56561279296875,-10.55145263671875,527.775146484375,525.4510498046875,0,0
390,21.88873291015625,-15.7012939453125,-6.378173828125,500.6942138671875,554.9571533203125,0,0
391,21.30126953125,-18.7530517578125,-2.6397705078125,487.5579528808594,600.4288940429688,0,0
392,19.9127197265625,-21.35467529296875,1.40380859375,488.7705383300781,653.5802612304688,0,0
393,16.25823974609375,-22.25494384765625,5.76019287109375,489.8820495605469,702.891845703125,0,0
394,12.847900390625,-22.86529541015625,9.6893310546875,504.9382629394531,761.904052734375,0,0
395,9.28497314453125,-23.26202392578125,13.671875,535.353759765625,822.634033203125,0,0
396,4.49371337890625,-22.07183837890625,17.21954345703125,574.2573852539062,877.907470703125,0,0
397,0.3814697265625,-20.08056640625,19.34051513671875,617.4049682617188,932.6755981445312,0,0
398,-3.36456298828125,-18.341064453125,21.392822265625,670.9605712890625,986.9385375976562,0,0
399,-7.99560546875,-15.51055908203125,23.040771484375,728.2549438476562,1030.3892822265625,0,0
400,-12.0086669921875,-11.3983154296875,22.9034423828125,781.2042236328125,1063.5330810546875,0,0
401,-15.09857177734375,-7.57598876953125,22.13287353515625,838.8017578125,1093.0391845703125,0,0
402,-18.4478759765625,-3.47137451171875,21.42333984375,897.6118774414062,1108.802734375,0,0
403,-21.17919921875,1.373291015625,19.46258544921875,948.7423095703125,1110.015380859375,0,0
404,-22.186279296875,5.4473876953125,16.41845703125,996.740234375,1106.8828125,0,0
405,-23.09417724609375,9.16290283203125,13.71002197265625,1041.9088134765625,1093.6455078125,0,0
406,-23.529052734375,13.23699951171875,10.10894775390625,1073.1326904296875,1064.442626953125,0,0
407,-22.20916748046875,16.50238037109375,5.48553466796875,1091.3214111328125,1027.964111328125,0,0
408,-20.93505859375,18.66912841796875,2.12860107421875,1105.6702880859375,985.9280395507812,0,0
409,-19.012451171875,20.92742919921875,-2.03704833984375,1111.4300537109375,934.6965942382812,0,0
410,-15.4876708984375,22.60589599609375,-7.2479248046875,1097.9906005859375,879.5242309570312,0,0
411,-11.322021484375,22.552490234375,-11.2152099609375,1079.9029541015625,825.46337890625,0,0
412,-7.80487060546875,22.3388671875,-14.4805908203125,1052.4178466796875,766.1480712890625,0,0
413,-3.753662109375,21.70562744140625,-18.0511474609375,1010.3817138671875,708.1463623046875,0,0
414,0.95367431640625,19.622802734375,-20.75958251953125,962.48486328125,657.0159301757812,0,0
415,4.75311279296875,16.937255859375,-21.82769775390625,912.162841796875,606.794921875,0,0
416,8.58306884765625,14.2974853515625,-22.95684814453125,853.049560546875,560.211669921875,0,0
417,12.8326416015625,10.498046875,-23.3612060546875,794.037353515625,528.9877319335938,0,0
418,16.04461669921875,5.889892578125,-21.97265625,738.1576538085938,506.5550231933594,0,0
419,18.3258056640625,2.00653076171875,-20.50018310546875,680.054931640625,489.8820495605469,0,0
420,20.89691162109375,-2.1514892578125,-19.04296875,624.4783935546875,488.56842041015625,0,0
421,22.43804931640625,-6.927490234375,-15.92254638671875,580.8255004882812,497.66278076171875,0,0
422,22.40753173828125,-10.6964111328125,-12.16888427734375,541.5177001953125,512.8200073242188,0,0
423,22.45330810546875,-14.1143798828125,-8.6822509765625,507.66656494140625,539.193603515625,0,0
424,21.87347412109375,-17.82989501953125,-4.37164306640625,494.0250244140625,582.2401733398438,0,0
425,20.24078369140625,-20.27130126953125,-0.244140625,489.6799621582031,628.621337890625,0,0
426,17.53997802734375,-21.55303955078125,3.6773681640625,483.41497802734375,678.033935546875,0,0
427,14.62554931640625,-23.01788330078125,8.0718994140625,497.0564880371094,737.6524658203125,0,0
428,10.64300537109375,-23.4527587890625,12.51983642578125,523.7332153320312,795.4520263671875,0,0
429,6.28662109375,-22.23968505859375,15.67840576171875,554.350830078125,851.4328002929688,0,0
430,2.63214111328125,-21.18682861328125,18.2647705078125,595.9827270507812,910.5460205078125,0,0
431,-1.71661376953125,-19.56939697265625,21.0723876953125,649.3362426757812,964.7079467773438,0,0
432,-6.32476806640625,-16.51763916015625,22.64404296875,701.4771728515625,1008.8660278320312,0,0
433,-9.97161865234375,-13.18359375,22.77374267578125,755.9421997070312,1049.4874267578125,0,0
434,-13.641357421875,-9.74273681640625,23.01788330078125,816.06591796875,1084.0458984375,0,0
435,-17.47894287109375,-5.06591796875,22.186279296875,872.2487182617188,1100.9210205078125,0,0
436,-19.8822021484375,-0.46539306640625,19.99664306640625,923.9854736328125,1110.015380859375,0,0
437,-21.46148681640625,3.3111572265625,17.89093017578125,977.7431640625,1111.935302734375,0,0
438,-23.17047119140625,7.51495361328125,15.54107666015625,1024.427490234375,1100.1126708984375,0,0
439,-23.47564697265625,11.7950439453125,11.52801513671875,1057.47021484375,1076.66943359375,0,0
440,-22.4609375,14.8162841796875,7.46917724609375,1084.34912109375,1046.4559326171875,0,0
441,-22.0184326171875,17.39501953125,4.40216064453125,1104.053466796875,1006.23876953125,0,0
442,-20.02716064453125,20.21026611328125,-0.48828125,1110.4195556640625,957.4324340820312,0,0
443,-16.34979248046875,21.59881591796875,-5.51605224609375,1102.9420166015625,905.392578125,0,0
444,-13.275146484375,22.2015380859375,-9.23919677734375,1092.02880859375,850.8265380859375,0,0
445,-10.0250244140625,22.92633056640625,-13.17596435546875,1065.6551513671875,791.1069946289062,0,0
446,-5.31768798828125,22.11761474609375,-17.05169677734375,1027.7620849609375,734.31787109375,0,0
447,-0.95367431640625,20.08819580078125,-19.3634033203125,986.7364501953125,680.7622680664062,0,0
448,2.7313232421875,18.34869384765625,-21.20208740234375,935.1007690429688,625.9940795898438,0,0
449,7.1563720703125,15.869140625,-23.040771484375,876.9979858398438,579.208740234375,0,0
450,11.3372802734375,11.871337890625,-23.1781005859375,821.62353515625,544.5491943359375,0,0
451,14.3585205078125,8.00323486328125,-22.308349609375,764.0260620117188,514.1336669921875,0,0
452,17.43316650390625,4.2572021484375,-21.5911865234375,702.4876098632812,494.32818603515625,0,0
453,20.33233642578125,-0.48065185546875,-19.989013671875,649.0330810546875,490.1852111816406,0,0
454,21.62933349609375,-4.852294921875,-16.94488525390625,601.944580078125,492.8124694824219,0,0
455,22.39227294921875,-8.575439453125,-14.0380859375,555.2603149414062,502.7151794433594,0,0
456,23.09417724609375,-12.725830078125,-10.67352294921875,520.6007080078125,527.3709716796875,0,0
457,22.1405029296875,-16.4947509765625,-5.97381591796875,503.119384765625,564.5567626953125,0,0
458,20.82061767578125,-18.73016357421875,-2.25830078125,489.2757568359375,604.97607421875,0,0
459,18.98193359375,-20.88165283203125,1.708984375,480.3835144042969,655.6012573242188,0,0
460,15.838623046875,-22.78900146484375,6.6986083984375,492.91351318359375,712.5924682617188,0,0
461,11.8255615234375,-23.040771484375,10.8642578125,511.91058349609375,767.9669189453125,0,0
462,8.36181640625,-22.6593017578125,13.9007568359375,536.9705810546875,826.372802734375,0,0
463,4.5318603515625,-22.14813232421875,17.3187255859375,577.4909057617188,886.9007568359375,0,0
464,-0.28228759765625,-20.3399658203125,20.3399658203125,626.4993286132812,939.7490234375,0,0
465,-4.38690185546875,-17.5628662109375,21.6217041015625,675.8109130859375,989.060546875,0,0
466,-8.07952880859375,-15.09857177734375,22.7203369140625,732.7010498046875,1035.3406982421875,0,0
467,-12.3443603515625,-11.51275634765625,23.4832763671875,791.5111694335938,1069.798095703125,0,0
468,-16.0064697265625,-6.7138671875,22.369384765625,845.1677856445312,1091.62451171875,0,0
469,-18.4478759765625,-2.66265869140625,20.751953125,901.2495727539062,1108.90380859375,0,0
470,-20.9503173828125,1.312255859375,19.43206787109375,957.2303466796875,1113.9561767578125,0,0
471,-22.78900146484375,6.01959228515625,16.7999267578125,1003.409423828125,1104.154541015625,0,0
472,-22.88818359375,9.98687744140625,12.94708251953125,1042.2119140625,1088.2899169921875,0,0
473,-22.9034423828125,13.1378173828125,9.6893310546875,1075.760009765625,1062.118408203125,0,0
474,-22.88818359375,16.4031982421875,6.34765625,1096.778076171875,1023.31591796875,0,0
475,-20.48492431640625,19.1650390625,1.07574462890625,1108.095458984375,980.8756713867188,0,0
476,-17.46368408203125,20.660400390625,-3.42559814453125,1108.6007080078125,930.7556762695312,0,0
477,-15.1519775390625,22.27783203125,-7.3699951171875,1099.1021728515625,873.6633911132812,0,0
478,-11.474609375,23.1170654296875,-11.8408203125,1075.658935546875,815.6616821289062,0,0
479,-6.9580078125,22.17864990234375,-15.43426513671875,1045.6475830078125,760.79248046875,0,0
480,-3.2501220703125,21.05712890625,-17.9901123046875,1008.15869140625,704.3065185546875,0,0
481,0.823974609375,19.6990966796875,-20.79010009765625,956.826171875,647.719482421875,0,0
482,5.47027587890625,16.9219970703125,-22.6898193359375,902.6642456054688,600.3278198242188,0,0
483,9.2926025390625,13.35906982421875,-22.796630859375,848.5023803710938,559.6053466796875,0,0
484,12.5885009765625,10.21575927734375,-22.98736572265625,787.8734130859375,523.2279663085938,0,0
485,16.3726806640625,5.95855712890625,-22.42279052734375,728.0528564453125,502.41204833984375,0,0
486,19.02008056640625,1.220703125,-20.4315185546875,675.1035766601562,492.5093078613281,0,0
487,20.62225341796875,-2.6702880859375,-18.1884765625,621.8511352539062,488.7705383300781,0,0
488,22.39227294921875,-6.73675537109375,-15.96832275390625,572.0343017578125,496.24810791015625,0,0
489,23.0865478515625,-11.199951171875,-12.16888427734375,537.273681640625,517.5692749023438,0,0
490,22.23968505859375,-14.70184326171875,-7.75909423828125,511.3042907714844,546.5701293945312,0,0
491,21.81243896484375,-17.27294921875,-4.64630126953125,490.79150390625,584.4632568359375,0,0
492,20.1568603515625,-20.22552490234375,0.0,481.3940124511719,632.7643432617188,0,0
493,16.7083740234375,-21.99554443359375,5.126953125,489.2757568359375,686.5220336914062,0,0
494,13.4735107421875,-22.552490234375,8.82720947265625,500.6942138671875,742.4017333984375,0,0
495,10.58197021484375,-23.30780029296875,12.47406005859375,524.036376953125,802.8285522460938,0,0
496,6.134033203125,-22.74322509765625,16.30401611328125,561.22216796875,861.2344970703125,0,0
497,1.5411376953125,-20.68328857421875,18.92852783203125,603.05615234375,914.5879516601562,0,0
498,-2.18963623046875,-18.85223388671875,20.74432373046875,652.36767578125,969.052978515625,0,0
499,-6.40106201171875,-16.67022705078125,22.69744873046875,709.56103515625,1017.2530517578125,0,0
500,-10.88714599609375,-12.8021240234375,23.223876953125,765.1375732421875,1053.63037109375,0,0
501,-14.22882080078125,-8.6517333984375,22.3388671875,819.70361328125,1084.14697265625,0,0
502,-17.2576904296875,-4.92095947265625,21.636962890625,878.4126586914062,1105.1650390625,0,0
503,-20.39337158203125,-0.3204345703125,20.39337158203125,933.6860961914062,1111.1268310546875,0,0
504,-22.01080322265625,4.26483154296875,17.50946044921875,981.1787719726562,1107.994384765625,0,0
505,-22.674560546875,7.8887939453125,14.58740234375,1027.4588623046875,1099.50634765625,0,0
506,-23.50616455078125,11.77215576171875,11.52801513671875,1065.35205078125,1075.557861328125,0,0
507,-23.1170654296875,15.4571533203125,7.43865966796875,1085.4605712890625,1038.67529296875,0,0
508,-21.2554931640625,17.7459716796875,3.3416748046875,1104.7608642578125,1002.5,0,0
509,-19.04296875,19.90509033203125,-1.068115234375,1112.642578125,953.895751953125,0,0
510,-16.56341552734375,22.16339111328125,-5.74493408203125,1102.7398681640625,896.904541015625,0,0
511,-12.6953125,22.88818359375,-10.16998291015625,1085.359619140625,842.74267578125,0,0
512,-8.8653564453125,22.43804931640625,-13.54217529296875,1063.02783203125,786.2566528320312,0,0
513,-5.28717041015625,22.01080322265625,-16.88385009765625,1025.3369140625,726.0318603515625,0,0
514,-0.6103515625,20.60699462890625,-20.1873779296875,977.9452514648438,672.274169921875,0,0
515,3.753662109375,17.7459716796875,-21.6827392578125,929.0379028320312,622.962646484375,0,0
516,7.31658935546875,15.22064208984375,-22.63641357421875,872.6529541015625,574.3583984375,0,0
517,11.39068603515625,12.04681396484375,-23.52142333984375,812.6302490234375,537.4757690429688,0,0
518,15.17486572265625,7.46917724609375,-22.74322509765625,755.6390380859375,513.0220947265625,0,0
519,17.60101318359375,3.25775146484375,-20.97320556640625,699.1530151367188,494.32818603515625,0,0
520,20.01190185546875,-0.67901611328125,-19.58465576171875,641.4544677734375,487.2547912597656,0,0
521,22.1405029296875,-5.3253173828125,-17.3187255859375,593.45654296875,494.1260986328125,0,0
522,22.57537841796875,-9.58251953125,-13.48876953125,554.2498168945312,507.86865234375,0,0
523,22.491455078125,-12.91656494140625,-9.97161865234375,520.196533203125,530.8065795898438,0,0
524,22.613525390625,-16.265869140625,-6.77490234375,497.8648681640625,568.0934448242188,0,0
525,20.5841064453125,-19.34051513671875,-1.57928466796875,485.4359436035156,611.0389404296875,0,0
526,17.50946044921875,-20.99609375,3.0975341796875,484.9306945800781,660.7546997070312,0,0
527,15.31219482421875,-22.5372314453125,6.82830810546875,492.40826416015625,718.150146484375,0,0
528,12.20703125,-23.712158203125,11.1541748046875,514.537841796875,777.5665283203125,0,0
529,7.65228271484375,-22.89581298828125,14.93072509765625,544.1449584960938,833.4462280273438,0,0
530,3.814697265625,-21.49200439453125,17.44842529296875,580.9265747070312,891.144775390625,0,0
531,-0.09918212890625,-20.19500732421875,20.16448974609375,630.8444213867188,948.4391479492188,0,0
532,-4.82940673828125,-17.72308349609375,22.39227294921875,685.4104614257812,995.5276489257812,0,0
533,-8.9263916015625,-14.2364501953125,22.81951904296875,737.8545532226562,1036.0479736328125,0,0
534,-12.33673095703125,-10.90240478515625,22.85003662109375,796.058349609375,1074.0421142578125,0,0
535,-16.204833984375,-6.805419921875,22.5982666015625,854.969482421875,1097.0811767578125,0,0
536,-19.34051513671875,-1.89971923828125,20.88165283203125,908.0198364257812,1107.4891357421875,0,0
537,-20.95794677734375,2.18963623046875,18.48602294921875,960.0596923828125,1111.632080078125,0,0
538,-22.5982666015625,6.0272216796875,16.36505126953125,1010.988037109375,1105.6702880859375,0,0
539,-23.64349365234375,10.44464111328125,12.96234130859375,1048.3758544921875,1084.4500732421875,0,0
540,-23.0560302734375,13.73291015625,8.97216796875,1074.54736328125,1055.1461181640625,0,0
541,-22.0794677734375,16.13616943359375,5.50079345703125,1101.9315185546875,1022.6085815429688,0,0
542,-20.36285400390625,19.1650390625,0.72479248046875,1111.2279052734375,975.0148315429688,0,0
543,-17.46368408203125,21.41571044921875,-4.302978515625,1104.356689453125,920.9540405273438,0,0
544,-14.19830322265625,22.15576171875,-8.33892822265625,1095.66650390625,869.6214599609375,0,0
545,-11.23809814453125,22.7813720703125,-11.8865966796875,1075.557861328125,810.1040649414062,0,0
546,-7.0343017578125,22.6287841796875,-15.89202880859375,1040.494140625,751.4960327148438,0,0
547,-2.23541259765625,20.93505859375,-18.9056396484375,999.9737548828125,698.2435913085938,0,0
548,1.56402587890625,18.951416015625,-20.62225341796875,952.7842407226562,643.3743896484375,0,0
549,5.53131103515625,16.96014404296875,-22.56011962890625,895.6919555664062,592.1429443359375,0,0
550,10.06317138671875,13.4124755859375,-23.50616455078125,838.8017578125,554.7550659179688,0,0
551,13.45062255859375,9.27734375,-22.6593017578125,782.9220581054688,523.7332153320312,0,0
552,16.29638671875,5.62286376953125,-21.7437744140625,722.1920776367188,498.57220458984375,0,0
553,19.46258544921875,1.15966796875,-20.6451416015625,664.796630859375,489.57891845703125,0,0
554,21.43096923828125,-3.56292724609375,-18.01300048828125,616.6976318359375,492.2061767578125,0,0
555,22.08709716796875,-7.43865966796875,-14.85443115234375,570.4175415039062,498.16802978515625,0,0
556,22.979736328125,-11.20758056640625,-12.0086669921875,531.716064453125,519.5902709960938,0,0
557,23.07891845703125,-15.045166015625,-8.331298828125,508.2728271484375,553.3403930664062,0,0
558,20.8282470703125,-17.791748046875,-3.2501220703125,488.7705383300781,588.606201171875,0,0
559,18.707275390625,-20.050048828125,1.09100341796875,481.6971435546875,637.109375,0,0
560,16.82281494140625,-22.430419921875,5.30242919921875,489.07366943359375,695.212158203125,0,0
561,13.1988525390625,-23.41461181640625,9.7503662109375,506.0497741699219,751.2939453125,0,0
562,9.34600830078125,-23.01025390625,13.17596435546875,527.9772338867188,807.2747192382812,0,0
563,5.85174560546875,-22.45330810546875,16.204833984375,562.2326049804688,867.29736328125,0,0
564,1.41143798828125,-21.3165283203125,19.5465087890625,610.634765625,923.9854736328125,0,0
565,-3.1585693359375,-18.62335205078125,21.41571044921875,660.04736328125,973.1959838867188,0,0
566,-6.84356689453125,-15.869140625,22.2930908203125,713.40087890625,1020.9918212890625,0,0
567,-10.7879638671875,-12.9852294921875,23.36883544921875,773.4235229492188,1060.9058837890625,0,0
568,-14.94598388671875,-8.4228515625,23.01025390625,829.0000610351562,1085.86474609375,0,0
569,-17.69256591796875,-3.7994384765625,21.24786376953125,882.5556640625,1103.8514404296875,0,0
570,-19.95086669921875,-0.02288818359375,19.82879638671875,939.7490234375,1113.754150390625,0,0
571,-22.3236083984375,4.4403076171875,17.88330078125,990.7783813476562,1108.90380859375,0,0
572,-23.07891845703125,8.87298583984375,14.21356201171875,1029.782958984375,1093.6455078125,0,0
573,-23.040771484375,11.9171142578125,10.97869873046875,1064.341552734375,1070.2022705078125,0,0
574,-22.8729248046875,15.0299072265625,7.75146484375,1095.66650390625,1039.9888916015625,0,0
575,-20.92742919921875,18.49365234375,2.3040771484375,1106.6807861328125,995.5276489257812,0,0
576,-18.07403564453125,20.416259765625,-2.50244140625,1106.6807861328125,946.1150512695312,0,0
577,-15.75469970703125,21.79718017578125,-6.1492919921875,1103.34619140625,893.064697265625,0,0
578,-12.88604736328125,23.15521240234375,-10.39886474609375,1083.9449462890625,833.951416015625,0,0
579,-8.35418701171875,22.7203369140625,-14.556884765625,1054.843017578125,777.2633666992188,0,0
580,-4.21142578125,21.2860107421875,-17.3187255859375,1021.0928344726562,721.5857543945312,0,0
581,-0.46539306640625,20.07293701171875,-19.866943359375,974.6106567382812,665.80712890625,0,0
582,4.03594970703125,18.0511474609375,-22.3541259765625,918.73095703125,613.5651245117188,0,0
583,8.331298828125,14.5111083984375,-22.979736328125,865.478515625,572.53955078125,0,0
584,11.6119384765625,11.138916015625,-22.81951904296875,808.6893920898438,533.9390869140625,0,0
585,15.1519775390625,7.53021240234375,-22.705078125,746.1405029296875,506.858154296875,0,0
586,18.39447021484375,2.72369384765625,-21.3165283203125,690.9681396484375,494.9344787597656,0,0
587,20.21026611328125,-1.59454345703125,-18.85986328125,639.2313842773438,490.2862548828125,0,0
588,21.79718017578125,-5.3863525390625,-16.6473388671875,586.9894409179688,492.3072204589844,0,0
589,23.223876953125,-9.77325439453125,-13.74053955078125,547.9848022460938,511.91058349609375,0,0
590,22.9949951171875,-13.3514404296875,-9.857177734375,520.196533203125,538.2841796875,0,0
591,21.49200439453125,-16.2353515625,-5.28717041015625,492.1051025390625,568.1944580078125,0,0
592,20.172119140625,-19.30999755859375,-0.89263916015625,482.40447998046875,615.7882080078125,0,0
593,17.8680419921875,-21.82769775390625,3.7994384765625,488.06317138671875,671.7689819335938,0,0
594,14.434814453125,-22.65167236328125,7.92694091796875,497.15753173828125,724.4151000976562,0,0
595,11.5203857421875,-23.1170654296875,11.2762451171875,514.6388549804688,783.1241455078125,0,0
596,7.86590576171875,-23.3001708984375,15.1824951171875,548.3890380859375,842.9447631835938,0,0
597,2.96783447265625,-21.759033203125,18.51654052734375,589.4146118164062,897.6118774414062,0,0
598,-1.1138916015625,-19.53125,20.27130126953125,635.3916015625,951.5716552734375,0,0
599,-4.8828125,-17.669677734375,22.19390869140625,690.2608032226562,1003.308349609375,0,0
600,-9.43756103515625,-14.44244384765625,23.49853515625,748.0604248046875,1043.121337890625,0,0
601,-13.34381103515625,-10.06317138671875,22.95684814453125,801.9191284179688,1074.3453369140625,0,0
602,-16.22772216796875,-6.195068359375,21.87347412109375,859.4155883789062,1099.4052734375,0,0
603,-19.38629150390625,-2.03704833984375,20.99609375,917.5183715820312,1111.2279052734375,0,0
604,-21.78955078125,2.777099609375,18.63861083984375,966.9309692382812,1109.0048828125,0,0
605,-22.552490234375,6.7291259765625,15.44952392578125,1012.806884765625,1102.7398681640625,0,0
606,-23.4527587890625,9.94873046875,13.1378173828125,1052.5189208984375,1082.1259765625,0,0
607,-23.5137939453125,13.72528076171875,9.58251953125,1083.9449462890625,1053.63037109375,0,0
608,-21.2860107421875,17.09747314453125,3.9825439453125,1101.0220947265625,1016.747802734375,0,0
609,-19.17266845703125,19.27947998046875,-0.28228759765625,1109.2069091796875,969.96240234375,0,0
610,-17.425537109375,21.58355712890625,-4.21142578125,1106.4786376953125,915.1942749023438,0,0
611,-14.09149169921875,22.95684814453125,-8.85009765625,1091.1192626953125,859.71875,0,0
612,-9.97161865234375,22.6287841796875,-12.63427734375,1070.4044189453125,805.0516357421875,0,0
613,-6.4697265625,22.03369140625,-15.716552734375,1038.9783935546875,745.2310791015625,0,0
614,-2.25067138671875,21.2249755859375,-19.15740966796875,993.809814453125,688.7450561523438,0,0
615,2.47955322265625,18.80645751953125,-21.43096923828125,943.8919677734375,638.3219604492188,0,0
616,6.2408447265625,15.899658203125,-22.247314453125,891.9531860351562,589.8187866210938,0,0
617,9.94110107421875,13.11492919921875,-23.2086181640625,832.3346557617188,547.78271484375,0,0
618,14.0838623046875,9.04083251953125,-23.24676513671875,772.8172607421875,519.5902709960938,0,0
619,17.0440673828125,4.41741943359375,-21.52252197265625,717.3417358398438,499.98687744140625,0,0
620,19.1650390625,0.61798095703125,-19.95086669921875,660.5526123046875,488.56842041015625,0,0
621,21.514892578125,-3.7078857421875,-18.218994140625,607.1990966796875,490.08416748046875,0,0
622,22.76611328125,-8.2550048828125,-14.93072509765625,567.5881958007812,505.5445251464844,0,0
623,22.72796630859375,-11.31439208984375,-11.68060302734375,531.513916015625,524.7437133789062,0,0
624,22.2320556640625,-14.80865478515625,-7.69805908203125,498.2690734863281,551.0162353515625,0,0
625,20.88165283203125,-18.56231689453125,-2.5634765625,487.861083984375,596.8922119140625,0,0
626,18.34869384765625,-20.82061767578125,2.1209716796875,486.64849853515625,646.0016479492188,0,0
627,15.9149169921875,-22.07183837890625,5.79833984375,488.9726257324219,698.6478271484375,0,0
628,13.36669921875,-23.4222412109375,9.796142578125,505.6455993652344,758.2662963867188,0,0
629,9.22393798828125,-23.406982421875,13.9617919921875,534.4443359375,816.7732543945312,0,0
630,4.87518310546875,-21.99554443359375,16.92962646484375,567.9923706054688,872.2487182617188,0,0
631,1.1749267578125,-20.71380615234375,19.40155029296875,613.2620239257812,930.4525756835938,0,0
632,-3.2806396484375,-18.798828125,21.9268798828125,668.2322387695312,982.5934448242188,0,0
633,-7.86590576171875,-15.4571533203125,23.03314208984375,721.0805053710938,1023.21484375,0,0
634,-11.36016845703125,-11.871337890625,22.83477783203125,776.7581176757812,1062.8258056640625,0,0
635,-14.9078369140625,-8.29315185546875,22.76611328125,836.4776611328125,1092.02880859375,0,0
636,-18.4783935546875,-3.56292724609375,21.6827392578125,892.05419921875,1104.962890625,0,0
637,-20.57647705078125,0.9307861328125,19.287109375,942.8814697265625,1110.62158203125,0,0
638,-22.003173828125,4.608154296875,17.059326171875,995.0223999023438,1109.3079833984375,0,0
639,-23.5595703125,8.78143310546875,14.5263671875,1037.0584716796875,1091.5235595703125,0,0
640,-23.6053466796875,12.48931884765625,10.9100341796875,1066.96875,1064.8468017578125,0,0
641,-22.20916748046875,15.20538330078125,6.69097900390625,1095.8685302734375,1036.4521484375,0,0
642,-20.57647705078125,18.1427001953125,2.03704833984375,1111.02587890625,993.1024780273438,0,0
643,-18.37158203125,20.83587646484375,-2.7313232421875,1106.98388671875,937.9301147460938,0,0
644,-15.07568359375,21.93450927734375,-7.2174072265625,1098.9000244140625,886.4965209960938,0,0
645,-11.98577880859375,22.37701416015625,-10.67352294921875,1083.5406494140625,830.313720703125,0,0
646,-8.453369140625,22.68218994140625,-14.5416259765625,1053.529296875,769.9879150390625,0,0
647,-3.7078857421875,21.6217041015625,-18.16558837890625,1013.0089721679688,714.1082153320312,0,0
648,0.54931640625,19.44732666015625,-20.16448974609375,968.8508911132812,661.2599487304688,0,0
649,4.26483154296875,17.52471923828125,-21.85821533203125,914.9921875,607.603271484375,0,0
650,8.72039794921875,14.71710205078125,-23.41461181640625,856.3841552734375,564.85986328125,0,0
651,12.71820068359375,10.4827880859375,-23.1170654296875,800.8076171875,533.635986328125,0,0
652,15.472412109375,6.64520263671875,-22.03369140625,742.805908203125,506.3529357910156,0,0
653,18.4326171875,2.6092529296875,-21.18682861328125,682.6821899414062,490.08416748046875,0,0
654,21.0723876953125,-2.20489501953125,-19.134521484375,631.45068359375,491.0946350097656,0,0
655,22.02606201171875,-6.46209716796875,-15.838623046875,586.2821044921875,496.3491516113281,0,0
656,22.68218994140625,-10.07080078125,-12.88604736328125,542.3261108398438,510.0917053222656,0,0
657,23.0560302734375,-14.1448974609375,-9.19342041015625,512.617919921875,539.5977783203125,0,0
658,21.6827392578125,-17.70782470703125,-4.26483154296875,496.0459899902344,577.187744140625,0,0
659,19.6380615234375,-19.72198486328125,-0.1678466796875,485.03173828125,621.2448120117188,0,0
660,18.0511474609375,-21.8505859375,3.56292724609375,485.3348693847656,675.6087646484375,0,0
661,15.52581787109375,-23.68927001953125,7.78961181640625,502.81622314453125,734.5199584960938,0,0
662,11.65008544921875,-23.56719970703125,11.3525390625,520.8028564453125,789.5912475585938,0,0
663,7.42340087890625,-22.4151611328125,14.58740234375,547.78271484375,848.5023803710938,0,0
664,3.0670166015625,-21.4996337890625,18.05877685546875,593.6586303710938,906.9083251953125,0,0
665,-1.71661376953125,-19.41680908203125,20.77484130859375,644.2838134765625,958.1397705078125,0,0
666,-5.69915771484375,-16.41845703125,21.728515625,694.9089965820312,1004.8240966796875,0,0
667,-9.39178466796875,-13.69476318359375,22.68218994140625,753.5170288085938,1048.982177734375,0,0
668,-13.60321044921875,-9.82666015625,23.0865478515625,811.316650390625,1079.599853515625,0,0
669,-17.02117919921875,-5.02777099609375,21.7437744140625,865.37744140625,1098.394775390625,0,0
670,-19.1802978515625,-1.02996826171875,20.01190185546875,921.459228515625,1111.834228515625,0,0
671,-21.484375,2.96783447265625,18.524169921875,975.8232421875,1112.54150390625,0,0
672,-23.00262451171875,7.6141357421875,15.5029296875,1018.667724609375,1099.203125,0,0
673,-22.918701171875,11.3067626953125,11.46697998046875,1054.2366943359375,1079.9029541015625,0,0
674,-22.60589599609375,14.434814453125,8.026123046875,1087.077392578125,1052.013671875,0,0
675,-21.87347412109375,17.8985595703125,3.77655029296875,1102.7398681640625,1009.4722900390625,0,0
676,-19.55413818359375,20.50018310546875,-1.10626220703125,1105.06396484375,961.575439453125,0,0
677,-16.8609619140625,21.70562744140625,-4.974365234375,1104.5587158203125,911.2533569335938,0,0
678,-14.8773193359375,23.27728271484375,-8.48388671875,1088.795166015625,851.230712890625,0,0
679,-11.23046875,23.68927001953125,-12.59613037109375,1065.4530029296875,795.8562622070312,0,0
680,-5.859375,21.8505859375,-16.16668701171875,1034.63330078125,740.2796630859375,0,0
681,-1.82342529296875,20.3399658203125,-18.74542236328125,991.4857177734375,684.0968627929688,0,0
682,2.3040771484375,18.829345703125,-21.4080810546875,936.9196166992188,629.0255126953125,0,0
683,6.99615478515625,15.64788818359375,-22.75848388671875,882.5556640625,584.1600952148438,0,0
684,10.55908203125,12.04681396484375,-22.7203369140625,828.1917114257812,546.772216796875,0,0
685,13.84735107421875,8.7890625,-22.65167236328125,766.55224609375,514.1336669921875,0,0
686,17.38739013671875,4.29534912109375,-21.85821533203125,707.64111328125,496.7533264160156,0,0
687,19.7906494140625,-0.40435791015625,-19.561767578125,656.30859375,491.2967224121094,0,0
688,21.18682861328125,-4.09698486328125,-17.23480224609375,603.965576171875,490.3872985839844,0,0
689,22.72796630859375,-8.23211669921875,-14.70947265625,557.4833374023438,502.7151794433594,0,0
690,23.01025390625,-12.725830078125,-10.6201171875,526.86572265625,527.876220703125,0,0
691,21.81243896484375,-15.95306396484375,-6.03485107421875,502.10888671875,558.291748046875,0,0
692,20.86639404296875,-18.646240234375,-2.28118896484375,485.3348693847656,599.9236450195312,0,0
693,19.20318603515625,-21.514892578125,2.00653076171875,485.23382568359375,653.8834228515625,0,0
694,16.448974609375,-23.06365966796875,6.21795654296875,497.2585754394531,708.2473754882812,0,0
695,13.45062255859375,-23.30780029296875,9.46044921875,507.0602722167969,763.722900390625,0,0
696,9.4757080078125,-23.23150634765625,13.4124755859375,533.3328247070312,824.452880859375,0,0
697,4.57000732421875,-22.20916748046875,17.3492431640625,575.267822265625,881.3430786132812,0,0
698,0.06103515625,-20.01953125,19.6990966796875,619.7290649414062,933.4840087890625,0,0
699,-3.5552978515625,-18.02825927734375,21.2554931640625,671.36474609375,986.4332885742188,0,0
700,-7.89642333984375,-15.48004150390625,22.9644775390625,729.7706909179688,1032.3092041015625,0,0
701,-12.237548828125,-11.41357421875,23.10943603515625,785.0440673828125,1064.8468017578125,0,0
702,-15.350341796875,-7.20977783203125,22.0184326171875,840.3175048828125,1091.7255859375,0,0
703,-18.2342529296875,-3.28826904296875,21.209716796875,899.1275634765625,1109.813232421875,0,0
704,-21.17156982421875,1.2969970703125,19.63043212890625,952.4810791015625,1111.4300537109375,0,0
705,-22.3846435546875,5.68389892578125,16.48712158203125,998.0538330078125,1105.872314453125,0,0
706,-22.9034423828125,9.246826171875,13.40484619140625,1041.9088134765625,1093.2413330078125,0,0
707,-23.41461181640625,13.0462646484375,10.10894775390625,1076.0631103515625,1065.5540771484375,0,0
708,-22.31597900390625,16.754150390625,5.3558349609375,1094.1507568359375,1027.5599365234375,0,0
709,-20.16448974609375,19.02008056640625,0.9613037109375,1105.1650390625,985.4227905273438,0,0
710,-18.48602294921875,21.1029052734375,-2.75421142578125,1108.3985595703125,933.9892578125,0,0
711,-16.2506103515625,23.1170654296875,-6.90460205078125,1093.9486083984375,876.3917236328125,0,0
712,-12.420654296875,23.2391357421875,-10.80322265625,1076.8714599609375,822.3308715820312,0,0
713,-7.9345703125,22.1099853515625,-14.34326171875,1052.4178466796875,764.53125,0,0
714,-3.7841796875,21.3165283203125,-17.7154541015625,1010.3817138671875,706.731689453125,0,0
715,0.93841552734375,19.55413818359375,-20.6756591796875,959.554443359375,653.6813354492188,0,0
716,5.18798828125,16.59393310546875,-21.8353271484375,909.6365966796875,605.9865112304688,0,0
717,8.6517333984375,13.8397216796875,-22.60589599609375,852.3422241210938,560.3126831054688,0,0
718,12.63427734375,10.47515869140625,-23.2086181640625,791.8143310546875,526.2594604492188,0,0
719,16.1895751953125,5.8135986328125,-22.064208984375,735.0252075195312,505.8476867675781,0,0
720,18.37158203125,1.68609619140625,-20.21026611328125,680.2570190429688,492.0040588378906,0,0
721,20.62225341796875,-2.28118896484375,-18.7225341796875,623.8720703125,487.861083984375,0,0
722,22.52197265625,-6.93511962890625,-16.0675048828125,578.0972290039062,498.06695556640625,0,0
723,22.5677490234375,-11.016845703125,-11.9781494140625,541.8208618164062,515.8514404296875,0,0
724,22.16339111328125,-14.35089111328125,-8.26263427734375,509.48541259765625,541.214599609375,0,0
725,21.7132568359375,-17.822265625,-4.241943359375,490.5893859863281,581.93701171875,0,0
726,19.7601318359375,-20.75958251953125,0.579833984375,487.4569091796875,630.642333984375,0,0
727,17.47894287109375,-22.10235595703125,4.1961669921875,490.8925476074219,682.4801025390625,0,0
728,15.35797119140625,-23.33831787109375,7.62939453125,497.9659118652344,739.4713134765625,0,0
729,11.10076904296875,-23.64349365234375,12.298583984375,522.4196166992188,798.98876953125,0,0
730,6.1492919921875,-22.3846435546875,15.9912109375,556.472900390625,853.8579711914062,0,0
731,2.3651123046875,-20.91217041015625,18.42498779296875,597.29638671875,910.6470947265625,0,0
732,-1.57928466796875,-19.5159912109375,20.95794677734375,649.4373168945312,966.1226196289062,0,0
733,-6.40106201171875,-16.7083740234375,22.71270751953125,704.4075317382812,1011.0890502929688,0,0
734,-10.3759765625,-12.88604736328125,22.76611328125,758.064208984375,1049.5885009765625,0,0
735,-13.6566162109375,-9.490966796875,22.66693115234375,816.7732543945312,1083.8438720703125,0,0
736,-17.34161376953125,-5.279541015625,22.17864990234375,875.4822998046875,1102.6387939453125,0,0
737,-20.1263427734375,-0.41961669921875,20.17974853515625,927.218994140625,1109.6112060546875,0,0
738,-21.46148681640625,3.56292724609375,17.64678955078125,978.551513671875,1110.72265625,0,0
739,-22.95684814453125,7.354736328125,15.350341796875,1026.246337890625,1100.415771484375,0,0
740,-23.68927001953125,11.7034912109375,11.60430908203125,1060.400634765625,1076.46728515625,0,0
741,-22.52197265625,15.14434814453125,6.98089599609375,1085.4605712890625,1046.5570068359375,0,0
742,-21.27838134765625,17.70782470703125,3.18145751953125,1104.255615234375,1006.7440185546875,0,0
743,-19.8822021484375,20.599365234375,-1.007080078125,1108.196533203125,955.1083374023438,0,0
744,-17.29583740234375,22.4151611328125,-5.40924072265625,1097.8895263671875,901.7548217773438,0,0
745,-14.13726806640625,22.7508544921875,-8.8348388671875,1089.098388671875,848.8055419921875,0,0
746,-10.223388671875,22.69744873046875,-12.76397705078125,1066.7667236328125,789.2880859375,0,0
747,-5.50079345703125,22.0489501953125,-16.78466796875,1026.8526611328125,731.4884643554688,0,0
748,-0.75531005859375,20.0347900390625,-19.38629150390625,983.0986938476562,678.5391845703125,0,0
749,2.960205078125,17.913818359375,-20.904541015625,933.4840087890625,625.3878173828125,0,0
750,6.98089599609375,15.777587890625,-22.7203369140625,875.3812255859375,577.187744140625,0,0
751,11.32965087890625,11.993408203125,-23.2696533203125,818.895263671875,543.4376220703125,0,0
752,14.54925537109375,7.8277587890625,-22.17864990234375,762.2071533203125,514.3357543945312,0,0
753,17.18902587890625,4.02069091796875,-21.24786376953125,702.0834350585938,493.7218933105469,0,0
754,20.1416015625,-0.4730224609375,-19.88983154296875,646.9110717773438,488.7705383300781,0,0
755,21.75140380859375,-5.1422119140625,-16.88385009765625,600.3278198242188,494.4292297363281,0,0
756,22.1710205078125,-8.8958740234375,-13.61846923828125,556.1697387695312,504.8371887207031,0,0
757,22.76611328125,-12.7105712890625,-10.41412353515625,520.196533203125,528.4824829101562,0,0
758,22.2320556640625,-16.754150390625,-5.7525634765625,499.7847900390625,564.6577758789062,0,0
759,20.22552490234375,-19.30999755859375,-1.2054443359375,488.6694641113281,606.794921875,0,0
760,18.79119873046875,-21.148681640625,1.9683837890625,486.95166015625,659.5421142578125,0,0
761,16.754150390625,-23.162841796875,5.88226318359375,493.0145568847656,715.3207397460938,0,0
762,12.06207275390625,-23.41461181640625,10.71929931640625,511.40533447265625,771.5036010742188,0,0
763,7.904052734375,-22.52960205078125,14.16778564453125,537.9810180664062,827.7874755859375,0,0
764,4.34112548828125,-21.91162109375,17.18902587890625,577.9961547851562,887.9112548828125,0,0
765,-0.26702880859375,-20.3857421875,20.294189453125,627.8129272460938,942.7804565429688,0,0
766,-4.69207763671875,-17.57049560546875,21.881103515625,678.135009765625,989.2626342773438,0,0
767,-8.29315185546875,-14.64080810546875,22.491455078125,733.5094604492188,1035.3406982421875,0,0
768,-12.2833251953125,-11.41357421875,23.2391357421875,793.0269165039062,1071.11181640625,0,0
769,-16.19720458984375,-6.65283203125,22.5372314453125,848.8055419921875,1093.2413330078125,0,0
770,-18.646240234375,-2.25067138671875,20.6451416015625,902.8663940429688,1107.792236328125,0,0
771,-20.7061767578125,1.556396484375,19.11163330078125,958.64501953125,1114.66357421875,0,0
772,-22.80426025390625,6.03485107421875,16.83807373046875,1006.7440185546875,1104.8619384765625,0,0
773,-23.25439453125,10.2081298828125,12.939453125,1043.323486328125,1087.077392578125,0,0
774,-22.7203369140625,13.38958740234375,9.1400146484375,1077.376708984375,1063.02783203125,0,0
775,-22.247314453125,16.62445068359375,5.40924072265625,1099.8094482421875,1024.8316650390625,0,0
776,-20.538330078125,19.76776123046875,0.6103515625,1105.5692138671875,976.833740234375,0,0
777,-18.04351806640625,21.20208740234375,-3.35693359375,1101.9315185546875,926.9158325195312,0,0
778,-15.80810546875,22.308349609375,-6.65283203125,1098.1927490234375,872.5518798828125,0,0
779,-11.8408203125,23.06365966796875,-11.41357421875,1076.7705078125,814.3480834960938,0,0
780,-6.8511962890625,22.186279296875,-15.55633544921875,1043.424560546875,758.2662963867188,0,0
781,-2.81524658203125,20.599365234375,-18.0816650390625,1005.5314331054688,703.0939331054688,0,0
782,0.90789794921875,19.317626953125,-20.5535888671875,955.4114990234375,646.2037353515625,0,0
783,5.6304931640625,16.90673828125,-22.62115478515625,899.6328125,598.104736328125,0,0
784,9.6893310546875,13.18359375,-22.98736572265625,846.38037109375,559.5043334960938,0,0
785,12.7410888671875,9.82666015625,-22.674560546875,787.0650634765625,523.8342895507812,0,0
786,16.1895751953125,5.92041015625,-22.308349609375,726.3350219726562,500.5931701660156,0,0
787,19.24896240234375,1.15966796875,-20.6298828125,672.8804931640625,493.620849609375,0,0
788,20.7672119140625,-3.13568115234375,-17.8985595703125,621.5479736328125,489.781005859375,0,0
789,22.15576171875,-6.88934326171875,-15.57159423828125,571.529052734375,497.2585754394531,0,0
790,23.25439453125,-11.32965087890625,-12.1612548828125,535.2527465820312,518.6807861328125,0,0
791,22.430419921875,-15.1519775390625,-7.40814208984375,510.3948669433594,548.793212890625,0,0
792,21.087646484375,-17.791748046875,-3.35693359375,489.781005859375,585.0695190429688,0,0
793,20.25604248046875,-20.57647705078125,0.06103515625,486.1432800292969,636.7052001953125,0,0
794,17.87567138671875,-22.6287841796875,4.43267822265625,490.48834228515625,691.0691528320312,0,0
795,13.57269287109375,-22.796630859375,8.9263916015625,500.3910827636719,743.9174194335938,0,0
796,10.16998291015625,-22.918701171875,12.42828369140625,523.4300537109375,803.3338012695312,0,0
797,6.195068359375,-22.735595703125,16.2353515625,561.7273559570312,863.45751953125,0,0
798,1.39617919921875,-20.8740234375,19.195556640625,605.4812622070312,916.3057861328125,0,0
799,-2.47955322265625,-18.60809326171875,20.7672119140625,653.1760864257812,968.9519653320312,0,0
800,-6.38580322265625,-16.50238037109375,22.4609375,710.470458984375,1019.1729125976562,0,0
801,-10.955810546875,-13.00048828125,23.36883544921875,767.6637573242188,1054.944091796875,0,0
802,-14.54925537109375,-8.48388671875,22.52960205078125,821.724609375,1083.136474609375,0,0
803,-17.23480224609375,-4.6234130859375,21.4385986328125,879.726318359375,1104.7608642578125,0,0
804,-20.2789306640625,-0.41961669921875,20.33233642578125,936.6165161132812,1113.1478271484375,0,0
805,-22.19390869140625,4.2877197265625,17.7001953125,984.0081176757812,1107.0849609375,0,0
806,-22.64404296875,8.209228515625,14.24407958984375,1027.5599365234375,1097.6875,0,0
807,-23.162841796875,11.71875,11.260986328125,1066.96875,1076.2652587890625,0,0
808,-22.8424072265625,15.61737060546875,7.11822509765625,1090.0078125,1039.8878173828125,0,0
809,-20.82061767578125,18.57757568359375,2.23541259765625,1101.8304443359375,999.468505859375,0,0
810,-19.21844482421875,20.31707763671875,-1.13677978515625,1106.175537109375,950.96533203125,0,0
811,-17.40264892578125,22.34649658203125,-4.82177734375,1103.14404296875,895.5908813476562,0,0
812,-12.969970703125,22.98736572265625,-9.8419189453125,1085.359619140625,840.7216796875,0,0
813,-8.60595703125,22.247314453125,-13.72528076171875,1060.299560546875,784.639892578125,0,0
814,-5.0506591796875,21.56829833984375,-16.70074462890625,1025.134765625,725.9308471679688,0,0
815,-0.7171630859375,20.42388916015625,-19.85931396484375,976.1263427734375,669.2427368164062,0,0
816,3.91387939453125,17.73834228515625,-21.72088623046875,925.400146484375,621.4468994140625,0,0
817,7.6141357421875,14.801025390625,-22.42279052734375,872.2487182617188,575.0657348632812,0,0
818,11.3067626953125,11.86370849609375,-23.17047119140625,810.9124145507812,534.8485107421875,0,0
819,15.19012451171875,7.4920654296875,-22.75848388671875,752.304443359375,511.2032470703125,0,0
820,17.822265625,2.838134765625,-20.89691162109375,698.4456787109375,496.4501953125,0,0
821,19.8211669921875,-0.98419189453125,-19.2413330078125,642.060791015625,487.65899658203125,0,0
822,21.9573974609375,-5.2337646484375,-17.2271728515625,591.0313720703125,493.2166442871094,0,0
823,22.857666015625,-9.796142578125,-13.4735107421875,553.44140625,509.6875305175781,0,0
824,22.3541259765625,-13.34381103515625,-9.42230224609375,520.196533203125,532.2213134765625,0,0
825,21.94976806640625,-16.6015625,-5.7220458984375,494.1260986328125,566.880859375,0,0
826,20.7672119140625,-19.8974609375,-1.312255859375,488.87158203125,615.384033203125,0,0
827,18.65386962890625,-21.72088623046875,2.685546875,490.3872985839844,666.4133911132812,0,0
828,15.6707763671875,-22.51434326171875,6.50787353515625,490.48834228515625,718.3522338867188,0,0
829,12.18414306640625,-23.38409423828125,10.94818115234375,512.3147583007812,779.4864501953125,0,0
830,7.6904296875,-22.979736328125,15.03753662109375,545.86279296875,836.5786743164062,0,0
831,3.448486328125,-21.3623046875,17.70782470703125,583.048583984375,891.9531860351562,0,0
832,-0.25177001953125,-19.92034912109375,20.02716064453125,630.7433471679688,948.4391479492188,0,0
833,-4.72259521484375,-17.93670654296875,22.308349609375,686.5220336914062,997.4475708007812,0,0
834,-9.17816162109375,-14.30511474609375,23.04840087890625,740.784912109375,1036.8564453125,0,0
835,-12.51983642578125,-10.650634765625,22.6898193359375,796.7656860351562,1073.536865234375,0,0
836,-16.0675048828125,-6.79779052734375,22.42279052734375,856.2831420898438,1098.596923828125,0,0
837,-19.439697265625,-1.9989013671875,21.08001708984375,911.3544311523438,1108.196533203125,0,0
838,-21.15631103515625,2.43377685546875,18.44024658203125,960.9691162109375,1110.5206298828125,0,0
839,-22.37701416015625,6.072998046875,16.11328125,1011.2911987304688,1105.7713623046875,0,0
840,-23.6358642578125,10.26153564453125,13.153076171875,1051.2052001953125,1085.359619140625,0,0
841,-23.0712890625,14.18304443359375,8.55255126953125,1077.9830322265625,1056.459716796875,0,0
842,-21.484375,16.82281494140625,4.31060791015625,1098.9000244140625,1020.9918212890625,0,0
843,-20.68328857421875,19.44732666015625,0.98419189453125,1106.5797119140625,972.1854858398438,0,0
844,-18.6614990234375,21.759033203125,-3.35693359375,1104.962890625,919.1351318359375,0,0
845,-14.2974853515625,22.247314453125,-8.1634521484375,1094.9591064453125,867.4994506835938,0,0
846,-10.81085205078125,22.308349609375,-11.84844970703125,1074.54736328125,809.4977416992188,0,0
847,-7.049560546875,22.34649658203125,-15.625,1039.9888916015625,749.2730102539062,0,0
848,-2.22015380859375,20.93505859375,-18.9971923828125,996.740234375,695.313232421875,0,0
849,1.91497802734375,18.6309814453125,-20.69091796875,950.2579956054688,643.1723022460938,0,0
850,5.6304931640625,16.5252685546875,-22.2015380859375,895.3887939453125,591.7387084960938,0,0
851,10.10894775390625,13.35906982421875,-23.39935302734375,836.4776611328125,552.2288208007812,0,0
852,13.85498046875,9.033203125,-22.74322509765625,780.5979614257812,523.4300537109375,0,0
853,16.3421630859375,5.19561767578125,-21.56829833984375,722.5962524414062,499.7847900390625,0,0
854,19.22607421875,1.129150390625,-20.5078125,663.9882202148438,488.4673767089844,0,0
855,21.58355712890625,-3.692626953125,-18.18084716796875,614.474609375,492.3072204589844,0,0
856,22.216796875,-7.89642333984375,-14.70184326171875,571.529052734375,500.8963317871094,0,0
857,22.613525390625,-11.32965087890625,-11.65771484375,531.0087280273438,519.6912841796875,0,0
858,22.69744873046875,-15.411376953125,-7.60650634765625,504.4330139160156,552.1278076171875,0,0
859,21.17156982421875,-18.59283447265625,-2.8228759765625,493.620849609375,594.0628051757812,0,0
860,19.5465087890625,-20.34759521484375,0.48828125,486.5474548339844,641.05029296875,0,0
861,17.31109619140625,-22.20916748046875,4.4708251953125,485.5369873046875,695.212158203125,0,0
862,13.427734375,-23.39935302734375,9.51385498046875,504.8371887207031,752.6076049804688,0,0
863,9.185791015625,-22.9034423828125,13.35906982421875,529.796142578125,809.0935668945312,0,0
864,5.6915283203125,-22.20916748046875,16.13616943359375,563.3441772460938,868.0046997070312,0,0
865,1.59454345703125,-21.23260498046875,19.3023681640625,610.53369140625,925.299072265625,0,0
866,-3.265380859375,-18.7835693359375,21.49200439453125,662.2704467773438,974.3074951171875,0,0
867,-7.14874267578125,-15.67840576171875,22.25494384765625,714.4113159179688,1020.1834106445312,0,0
868,-10.78033447265625,-12.74871826171875,23.0865478515625,773.4235229492188,1061.31005859375,0,0
869,-14.95361328125,-8.4686279296875,23.03314208984375,831.1220703125,1087.178466796875,0,0
870,-18.05877685546875,-3.60870361328125,21.3470458984375,884.7787475585938,1103.34619140625,0,0
871,-19.98138427734375,0.29754638671875,19.55413818359375,940.0521240234375,1113.2489013671875,0,0
872,-22.16339111328125,4.32586669921875,17.8375244140625,992.6983032226562,1109.5101318359375,0,0
873,-23.3612060546875,8.94927978515625,14.35089111328125,1032.006103515625,1092.736083984375,0,0
874,-22.918701171875,12.481689453125,10.223388671875,1066.3624267578125,1071.5159912109375,0,0
875,-22.3541259765625,15.5029296875,6.6986083984375,1094.0496826171875,1039.0794677734375,0,0
876,-21.697998046875,18.82171630859375,2.7923583984375,1102.6387939453125,992.0919799804688,0,0
877,-19.27947998046875,20.79010009765625,-1.62506103515625,1106.276611328125,943.7908935546875,0,0
878,-15.72418212890625,21.56829833984375,-5.92803955078125,1103.34619140625,892.2562866210938,0,0
879,-12.75634765625,22.81951904296875,-10.12420654296875,1084.14697265625,832.9409790039062,0,0
880,-8.50677490234375,22.77374267578125,-14.42718505859375,1053.4283447265625,775.7476196289062,0,0
881,-4.09698486328125,21.270751953125,-17.47894287109375,1018.465576171875,721.0805053710938,0,0
882,-0.4425048828125,19.775390625,-19.73724365234375,973.2969970703125,664.0892944335938,0,0
883,3.90625,17.88330078125,-22.02606201171875,917.720458984375,611.3421020507812,0,0
884,8.4381103515625,14.48822021484375,-23.09417724609375,863.55859375,571.1248779296875,0,0
885,11.810302734375,10.82611083984375,-22.735595703125,807.8809814453125,535.1516723632812,0,0
886,14.94598388671875,7.31658935546875,-22.49908447265625,745.9384155273438,505.5445251464844,0,0
887,18.37158203125,2.777099609375,-21.41571044921875,689.2503051757812,494.1260986328125,0,0
888,20.45440673828125,-1.8768310546875,-18.89801025390625,638.7261962890625,490.99359130859375,0,0
889,21.61407470703125,-5.57708740234375,-16.3421630859375,587.7978515625,493.1156005859375,0,0
890,23.0255126953125,-9.796142578125,-13.51165771484375,545.4586181640625,509.99066162109375,0,0
891,22.95684814453125,-14.09149169921875,-9.04083251953125,517.6703491210938,538.0820922851562,0,0
892,21.53778076171875,-16.97540283203125,-4.608154296875,497.7638244628906,573.0447998046875,0,0
893,20.8587646484375,-19.4091796875,-1.62506103515625,485.6380310058594,618.8196411132812,0,0
894,18.6309814453125,-21.88873291015625,3.01361083984375,484.82965087890625,672.0720825195312,0,0
895,14.54925537109375,-22.735595703125,7.8887939453125,497.0564880371094,726.3350219726562,0,0
896,11.14654541015625,-22.86529541015625,11.45172119140625,514.8410034179688,783.3262329101562,0,0
897,7.75909423828125,-22.94158935546875,14.94598388671875,547.2774658203125,844.0562744140625,0,0
898,3.0364990234375,-21.8048095703125,18.5089111328125,590.627197265625,899.73388671875,0,0
899,-1.31988525390625,-19.4091796875,20.45440673828125,636.0989379882812,949.5506591796875,0,0
900,-4.9591064453125,-17.38739013671875,21.93450927734375,690.0587158203125,1001.2874145507812,0,0
901,-9.36126708984375,-14.44244384765625,23.3154296875,749.47509765625,1043.6265869140625,0,0
902,-13.58795166015625,-9.97161865234375,23.04840087890625,805.455810546875,1073.1326904296875,0,0
903,-16.387939453125,-5.8135986328125,21.7132568359375,859.71875,1098.0916748046875,0,0
904,-19.195556640625,-1.86920166015625,20.71380615234375,919.8424682617188,1111.3289794921875,0,0
905,-21.78192138671875,2.777099609375,18.85223388671875,972.08447265625,1109.813232421875,0,0
906,-22.69744873046875,7.0953369140625,15.44189453125,1015.0299682617188,1101.123046875,0,0
907,-23.01788330078125,10.5438232421875,12.26043701171875,1055.3482666015625,1085.359619140625,0,0
908,-23.162841796875,14.28985595703125,8.73565673828125,1084.8543701171875,1053.93359375,0,0
909,-22.07183837890625,17.6239013671875,4.37164306640625,1095.9696044921875,1011.2911987304688,0,0
910,-19.9737548828125,19.4549560546875,0.46539306640625,1108.095458984375,969.2550659179688,0,0
911,-17.40264892578125,21.26312255859375,-3.8299560546875,1108.70166015625,916.0026245117188,0,0
912,-14.1754150390625,22.8729248046875,-8.61358642578125,1090.917236328125,858.1019897460938,0,0
913,-9.95635986328125,22.6593017578125,-12.77923583984375,1067.7772216796875,802.9296264648438,0,0
914,-6.18743896484375,21.78192138671875,-15.7318115234375,1037.9678955078125,745.0289306640625,0,0
915,-2.31170654296875,20.98846435546875,-18.85986328125,993.1024780273438,686.5220336914062,0,0
916,2.410888671875,18.9361572265625,-21.40045166015625,941.1636962890625,635.6947021484375,0,0
917,6.500244140625,15.73944091796875,-22.3388671875,889.6290283203125,589.3135375976562,0,0
918,9.98687744140625,12.939453125,-22.94921875,831.9304809570312,546.772216796875,0,0
919,13.885498046875,9.246826171875,-23.18572998046875,770.6952514648438,516.6598510742188,0,0
920,17.17376708984375,4.3792724609375,-21.70562744140625,716.230224609375,500.5931701660156,0,0
921,19.14215087890625,0.2899169921875,-19.744873046875,661.6641235351562,489.57891845703125,0,0
922,21.240234375,-3.71551513671875,-17.93670654296875,606.69384765625,489.57891845703125,0,0
923,22.80426025390625,-8.331298828125,-14.892578125,564.9609375,504.02880859375,0,0
924,22.5372314453125,-12.29095458984375,-10.6353759765625,531.8170776367188,524.6426391601562,0,0
925,22.0184326171875,-15.48004150390625,-7.01141357421875,503.2204284667969,555.361328125,0,0
926,21.70562744140625,-18.6614990234375,-3.56292724609375,489.4778747558594,599.0142211914062,0,0
927,19.1192626953125,-20.97320556640625,1.46484375,485.6380310058594,647.5173950195312,0,0
928,15.777587890625,-22.01080322265625,5.92041015625,489.3768005371094,698.950927734375,0,0
929,13.18359375,-23.13232421875,9.70458984375,504.6351013183594,758.5694580078125,0,0
930,9.42230224609375,-23.50616455078125,13.90838623046875,534.9495849609375,818.4910888671875,0,0
931,4.8065185546875,-21.99554443359375,17.09747314453125,570.2154541015625,872.7539672851562,0,0
932,1.06048583984375,-20.40863037109375,19.29473876953125,613.363037109375,928.9368286132812,0,0
933,-3.0975341796875,-18.829345703125,21.59881591796875,667.72705078125,981.8861083984375,0,0
934,-7.77435302734375,-15.69366455078125,23.1170654296875,723.5056762695312,1024.326416015625,0,0
935,-11.5203857421875,-11.7340087890625,22.88055419921875,777.6675415039062,1060.602783203125,0,0
936,-14.79339599609375,-8.06427001953125,22.5372314453125,836.6797485351562,1091.82666015625,0,0
937,-18.402099609375,-3.65447998046875,21.72088623046875,894.5803833007812,1105.872314453125,0,0
938,-20.77484130859375,1.0986328125,19.47021484375,944.397216796875,1109.10595703125,0,0
939,-21.85821533203125,4.90570068359375,16.77703857421875,994.5171508789062,1107.5902099609375,0,0
940,-23.24676513671875,8.78143310546875,14.22119140625,1039.685791015625,1093.54443359375,0,0
941,-23.50616455078125,13.00811767578125,10.1776123046875,1070.101318359375,1066.261474609375,0,0
942,-22.31597900390625,15.87677001953125,6.08062744140625,1089.8056640625,1031.0966796875,0,0
943,-21.087646484375,18.22662353515625,2.60162353515625,1108.802734375,991.1825561523438,0,0
944,-18.76068115234375,20.85113525390625,-2.288818359375,1110.015380859375,938.8395385742188,0,0
945,-15.2587890625,22.22442626953125,-7.26318359375,1097.283203125,884.37451171875,0,0
946,-11.81793212890625,22.36175537109375,-10.91766357421875,1081.216552734375,829.30322265625,0,0
947,-8.43048095703125,22.52960205078125,-14.404296875,1053.3272705078125,769.280517578125,0,0
948,-3.86810302734375,21.7132568359375,-18.035888671875,1011.4932861328125,711.8851318359375,0,0
949,0.7171630859375,19.4854736328125,-20.28656005859375,966.0215454101562,660.04736328125,0,0
950,4.39453125,17.2882080078125,-21.66748046875,915.2952880859375,608.3106689453125,0,0
951,8.56781005859375,14.80865478515625,-23.20098876953125,855.97998046875,563.5462646484375,0,0
952,12.7716064453125,10.68115234375,-23.23150634765625,798.5845336914062,532.0191650390625,0,0
953,15.6097412109375,6.40106201171875,-21.97265625,742.5027465820312,506.5550231933594,0,0
954,18.22662353515625,2.5787353515625,-20.89691162109375,683.5916137695312,490.2862548828125,0,0
955,20.98846435546875,-1.97601318359375,-19.195556640625,629.53076171875,489.57891845703125,0,0
956,22.16339111328125,-6.5155029296875,-15.92254638671875,585.8779296875,497.7638244628906,0,0
957,22.46856689453125,-10.2081298828125,-12.5274658203125,544.6502075195312,511.91058349609375,0,0
958,22.8118896484375,-14.06097412109375,-9.063720703125,511.40533447265625,539.0925903320312,0,0
959,22.17864990234375,-17.669677734375,-4.81414794921875,497.9659118652344,581.027587890625,0,0
960,20.2178955078125,-19.69146728515625,-0.8544921875,488.06317138671875,623.6699829101562,0,0
961,17.73834228515625,-21.392822265625,3.22723388671875,482.6065673828125,675.4066772460938,0,0
962,14.5111083984375,-23.03314208984375,7.9498291015625,497.2585754394531,733.8126220703125,0,0
963,10.44464111328125,-23.162841796875,12.29095458984375,521.8132934570312,790.0964965820312,0,0
964,6.64520263671875,-22.33123779296875,15.2740478515625,550.9152221679688,847.390869140625,0,0
965,2.98309326171875,-21.54541015625,18.18084716796875,593.2544555664062,906.0999145507812,0,0
966,-1.74713134765625,-19.78302001953125,20.97320556640625,645.0922241210938,958.9481811523438,0,0
967,-6.05010986328125,-16.6168212890625,22.15576171875,696.5257568359375,1004.0156860351562,0,0
968,-9.55963134765625,-13.6566162109375,22.7813720703125,752.8096923828125,1047.5675048828125,0,0
969,-13.58795166015625,-9.98687744140625,23.26202392578125,812.9334106445312,1079.397705078125,0,0
970,-17.2576904296875,-5.157470703125,22.15576171875,867.7015991210938,1098.6978759765625,0,0
971,-19.4091796875,-0.9002685546875,20.11871337890625,921.459228515625,1110.72265625,0,0
972,-21.35467529296875,2.9296875,18.48602294921875,975.8232421875,1111.935302734375,0,0
